text,label
Dam for the village,Later
Future requirement for broken road in highway.,Later
Future requirement for broken road in highway.,Later
Future requirement for broken road in main road.,Later
Future requirement for broken road in main road.,Later
Future requirement for broken road in market area.,Later
Future requirement for broken road in residential colony.,Later
Future requirement for broken road in town.,Later
Future requirement for broken road in village.,Later
Future requirement for broken road in village.,Later
Future requirement for building public library in bus stand.,Later
Future requirement for building public library in highway.,Later
Future requirement for building public library in highway.,Later
Future requirement for building public library in main road.,Later
Future requirement for building public library in residential colony.,Later
Future requirement for building public library in residential colony.,Later
Future requirement for building public library in residential colony.,Later
Future requirement for bus stand crowding in city.,Later
Future requirement for bus stand crowding in city.,Later
Future requirement for bus stand crowding in market area.,Later
Future requirement for bus stand crowding in market area.,Later
Future requirement for bus stand crowding in market area.,Later
Future requirement for bus stand crowding in residential colony.,Later
Future requirement for bus stand crowding in residential colony.,Later
Future requirement for construction of bus stand in city.,Later
Future requirement for construction of bus stand in hospital area.,Later
Future requirement for construction of bus stand in market area.,Later
Future requirement for construction of bus stand in market area.,Later
Future requirement for construction of bus stand in residential colony.,Later
Future requirement for electricity outage in bus stand.,Later
Future requirement for electricity outage in city.,Later
Future requirement for electricity outage in hospital area.,Later
Future requirement for electricity outage in main road.,Later
Future requirement for electricity outage in market area.,Later
Future requirement for electricity outage in residential colony.,Later
Future requirement for electricity outage in town.,Later
Future requirement for electricity outage in town.,Later
Future requirement for electricity outage in village.,Later
Future requirement for garbage pileup in city.,Later
Future requirement for garbage pileup in hospital area.,Later
Future requirement for garbage pileup in main road.,Later
Future requirement for garbage pileup in residential colony.,Later
Future requirement for hospital medicine shortage in highway.,Later
Future requirement for hospital medicine shortage in hospital area.,Later
Future requirement for hospital medicine shortage in hospital area.,Later
Future requirement for hospital medicine shortage in main road.,Later
Future requirement for hospital medicine shortage in main road.,Later
Future requirement for hospital medicine shortage in residential colony.,Later
Future requirement for hospital medicine shortage in school zone.,Later
Future requirement for hospital medicine shortage in town.,Later
Future requirement for hospital medicine shortage in village.,Later
Future requirement for hospital medicine shortage in village.,Later
Future requirement for need new school in city.,Later
Future requirement for need new school in highway.,Later
Future requirement for need new school in hospital area.,Later
Future requirement for need new school in hospital area.,Later
Future requirement for need new school in market area.,Later
Future requirement for need new school in market area.,Later
Future requirement for need new school in market area.,Later
Future requirement for need new school in residential colony.,Later
Future requirement for need new school in school zone.,Later
Future requirement for need overhead water tank in city.,Later
Future requirement for need overhead water tank in main road.,Later
Future requirement for need overhead water tank in main road.,Later
Future requirement for need overhead water tank in residential colony.,Later
Future requirement for need overhead water tank in residential colony.,Later
Future requirement for need overhead water tank in school zone.,Later
Future requirement for need overhead water tank in town.,Later
Future requirement for need overhead water tank in town.,Later
Future requirement for need overhead water tank in village.,Later
Future requirement for public toilet maintenance in city.,Later
Future requirement for public toilet maintenance in hospital area.,Later
Future requirement for public toilet maintenance in hospital area.,Later
Future requirement for public toilet maintenance in hospital area.,Later
Future requirement for public toilet maintenance in hospital area.,Later
Future requirement for public toilet maintenance in main road.,Later
Future requirement for public toilet maintenance in residential colony.,Later
Future requirement for public toilet maintenance in school zone.,Later
Future requirement for public toilet maintenance in school zone.,Later
Future requirement for public toilet maintenance in town.,Later
Future requirement for public toilet maintenance in village.,Later
Future requirement for public toilet maintenance in village.,Later
Future requirement for public toilet maintenance in village.,Later
Future requirement for school building damage in bus stand.,Later
Future requirement for school building damage in city.,Later
Future requirement for school building damage in city.,Later
Future requirement for school building damage in highway.,Later
Future requirement for school building damage in hospital area.,Later
Future requirement for school building damage in hospital area.,Later
Future requirement for school building damage in hospital area.,Later
Future requirement for school building damage in hospital area.,Later
Future requirement for school building damage in main road.,Later
Future requirement for school building damage in market area.,Later
Future requirement for school building damage in town.,Later
Future requirement for school building damage in village.,Later
Future requirement for sewage overflow in city.,Later
Future requirement for sewage overflow in highway.,Later
Future requirement for sewage overflow in market area.,Later
Future requirement for sewage overflow in school zone.,Later
Future requirement for sewage overflow in school zone.,Later
Future requirement for sewage overflow in town.,Later
Future requirement for sewage overflow in village.,Later
Future requirement for solar street lights installation in bus stand.,Later
Future requirement for solar street lights installation in city.,Later
Future requirement for solar street lights installation in highway.,Later
Future requirement for solar street lights installation in main road.,Later
Future requirement for solar street lights installation in residential colony.,Later
Future requirement for solar street lights installation in town.,Later
Future requirement for solar street lights installation in town.,Later
Future requirement for sports ground request in hospital area.,Later
Future requirement for sports ground request in hospital area.,Later
Future requirement for sports ground request in main road.,Later
Future requirement for sports ground request in main road.,Later
Future requirement for sports ground request in market area.,Later
Future requirement for sports ground request in market area.,Later
Future requirement for sports ground request in residential colony.,Later
Future requirement for sports ground request in town.,Later
Future requirement for sports ground request in village.,Later
Future requirement for streetlight failure in bus stand.,Later
Future requirement for streetlight failure in bus stand.,Later
Future requirement for streetlight failure in bus stand.,Later
Future requirement for streetlight failure in highway.,Later
Future requirement for streetlight failure in hospital area.,Later
Future requirement for streetlight failure in hospital area.,Later
Future requirement for streetlight failure in market area.,Later
Future requirement for streetlight failure in school zone.,Later
Future requirement for streetlight failure in school zone.,Later
Future requirement for water supply shortage in hospital area.,Later
Future requirement for water supply shortage in market area.,Later
Future requirement for water supply shortage in residential colony.,Later
Future requirement for water supply shortage in residential colony.,Later
Future requirement for water supply shortage in school zone.,Later
Future requirement for water supply shortage in school zone.,Later
Future requirement for water supply shortage in town.,Later
Future requirement for water supply shortage in town.,Later
Future requirement for water supply shortage in village.,Later
Long-term development needed: broken road at bus stand.,Later
Long-term development needed: broken road at bus stand.,Later
Long-term development needed: broken road at residential colony.,Later
Long-term development needed: broken road at residential colony.,Later
Long-term development needed: broken road at school zone.,Later
Long-term development needed: broken road at school zone.,Later
Long-term development needed: building public library at bus stand.,Later
Long-term development needed: building public library at city.,Later
Long-term development needed: building public library at highway.,Later
Long-term development needed: building public library at hospital area.,Later
Long-term development needed: building public library at main road.,Later
Long-term development needed: building public library at main road.,Later
Long-term development needed: building public library at market area.,Later
Long-term development needed: building public library at school zone.,Later
Long-term development needed: building public library at town.,Later
Long-term development needed: bus stand crowding at bus stand.,Later
Long-term development needed: bus stand crowding at city.,Later
Long-term development needed: bus stand crowding at highway.,Later
Long-term development needed: bus stand crowding at hospital area.,Later
Long-term development needed: bus stand crowding at hospital area.,Later
Long-term development needed: bus stand crowding at main road.,Later
Long-term development needed: bus stand crowding at market area.,Later
Long-term development needed: bus stand crowding at residential colony.,Later
Long-term development needed: construction of bus stand at main road.,Later
Long-term development needed: construction of bus stand at market area.,Later
Long-term development needed: construction of bus stand at market area.,Later
Long-term development needed: construction of bus stand at town.,Later
Long-term development needed: construction of bus stand at village.,Later
Long-term development needed: construction of bus stand at village.,Later
Long-term development needed: electricity outage at bus stand.,Later
Long-term development needed: electricity outage at city.,Later
Long-term development needed: electricity outage at city.,Later
Long-term development needed: electricity outage at city.,Later
Long-term development needed: electricity outage at main road.,Later
Long-term development needed: electricity outage at residential colony.,Later
Long-term development needed: electricity outage at residential colony.,Later
Long-term development needed: electricity outage at residential colony.,Later
Long-term development needed: electricity outage at school zone.,Later
Long-term development needed: electricity outage at school zone.,Later
Long-term development needed: garbage pileup at bus stand.,Later
Long-term development needed: garbage pileup at city.,Later
Long-term development needed: garbage pileup at city.,Later
Long-term development needed: garbage pileup at main road.,Later
Long-term development needed: garbage pileup at main road.,Later
Long-term development needed: garbage pileup at market area.,Later
Long-term development needed: garbage pileup at market area.,Later
Long-term development needed: garbage pileup at residential colony.,Later
Long-term development needed: garbage pileup at village.,Later
Long-term development needed: hospital medicine shortage at city.,Later
Long-term development needed: hospital medicine shortage at highway.,Later
Long-term development needed: hospital medicine shortage at highway.,Later
Long-term development needed: hospital medicine shortage at highway.,Later
Long-term development needed: hospital medicine shortage at market area.,Later
Long-term development needed: hospital medicine shortage at school zone.,Later
Long-term development needed: hospital medicine shortage at school zone.,Later
Long-term development needed: need new school at highway.,Later
Long-term development needed: need new school at main road.,Later
Long-term development needed: need new school at market area.,Later
Long-term development needed: need new school at market area.,Later
Long-term development needed: need new school at market area.,Later
Long-term development needed: need new school at town.,Later
Long-term development needed: need new school at town.,Later
Long-term development needed: need new school at village.,Later
Long-term development needed: need new school at village.,Later
Long-term development needed: need new school at village.,Later
Long-term development needed: need overhead water tank at bus stand.,Later
Long-term development needed: need overhead water tank at city.,Later
Long-term development needed: need overhead water tank at highway.,Later
Long-term development needed: need overhead water tank at main road.,Later
Long-term development needed: need overhead water tank at main road.,Later
Long-term development needed: need overhead water tank at market area.,Later
Long-term development needed: need overhead water tank at residential colony.,Later
Long-term development needed: need overhead water tank at school zone.,Later
Long-term development needed: need overhead water tank at village.,Later
Long-term development needed: need overhead water tank at village.,Later
Long-term development needed: public toilet maintenance at bus stand.,Later
Long-term development needed: public toilet maintenance at bus stand.,Later
Long-term development needed: public toilet maintenance at city.,Later
Long-term development needed: public toilet maintenance at highway.,Later
Long-term development needed: public toilet maintenance at highway.,Later
Long-term development needed: public toilet maintenance at hospital area.,Later
Long-term development needed: public toilet maintenance at market area.,Later
Long-term development needed: public toilet maintenance at market area.,Later
Long-term development needed: public toilet maintenance at market area.,Later
Long-term development needed: public toilet maintenance at town.,Later
Long-term development needed: public toilet maintenance at village.,Later
Long-term development needed: school building damage at bus stand.,Later
Long-term development needed: school building damage at bus stand.,Later
Long-term development needed: school building damage at bus stand.,Later
Long-term development needed: school building damage at highway.,Later
Long-term development needed: school building damage at main road.,Later
Long-term development needed: school building damage at market area.,Later
Long-term development needed: school building damage at residential colony.,Later
Long-term development needed: school building damage at school zone.,Later
Long-term development needed: sewage overflow at bus stand.,Later
Long-term development needed: sewage overflow at highway.,Later
Long-term development needed: sewage overflow at highway.,Later
Long-term development needed: sewage overflow at hospital area.,Later
Long-term development needed: sewage overflow at residential colony.,Later
Long-term development needed: sewage overflow at residential colony.,Later
Long-term development needed: sewage overflow at school zone.,Later
Long-term development needed: solar street lights installation at bus stand.,Later
Long-term development needed: solar street lights installation at city.,Later
Long-term development needed: solar street lights installation at city.,Later
Long-term development needed: solar street lights installation at highway.,Later
Long-term development needed: solar street lights installation at hospital area.,Later
Long-term development needed: solar street lights installation at market area.,Later
Long-term development needed: solar street lights installation at market area.,Later
Long-term development needed: solar street lights installation at market area.,Later
Long-term development needed: solar street lights installation at residential colony.,Later
Long-term development needed: solar street lights installation at school zone.,Later
Long-term development needed: sports ground request at hospital area.,Later
Long-term development needed: sports ground request at hospital area.,Later
Long-term development needed: sports ground request at market area.,Later
Long-term development needed: sports ground request at residential colony.,Later
Long-term development needed: sports ground request at school zone.,Later
Long-term development needed: sports ground request at school zone.,Later
Long-term development needed: sports ground request at school zone.,Later
Long-term development needed: sports ground request at town.,Later
Long-term development needed: sports ground request at village.,Later
Long-term development needed: streetlight failure at city.,Later
Long-term development needed: streetlight failure at city.,Later
Long-term development needed: streetlight failure at highway.,Later
Long-term development needed: streetlight failure at residential colony.,Later
Long-term development needed: streetlight failure at village.,Later
Long-term development needed: water supply shortage at bus stand.,Later
Long-term development needed: water supply shortage at city.,Later
Long-term development needed: water supply shortage at city.,Later
Long-term development needed: water supply shortage at highway.,Later
Long-term development needed: water supply shortage at highway.,Later
Long-term development needed: water supply shortage at hospital area.,Later
Long-term development needed: water supply shortage at main road.,Later
Long-term development needed: water supply shortage at main road.,Later
Long-term development needed: water supply shortage at main road.,Later
Long-term development needed: water supply shortage at residential colony.,Later
Long-term development needed: water supply shortage at residential colony.,Later
Long-term development needed: water supply shortage at town.,Later
Long-term development needed: water supply shortage at town.,Later
Long-term development needed: water supply shortage at village.,Later
Plan to establish broken road in bus stand can be considered later.,Later
Plan to establish broken road in hospital area can be considered later.,Later
Plan to establish broken road in main road can be considered later.,Later
Plan to establish broken road in market area can be considered later.,Later
Plan to establish broken road in school zone can be considered later.,Later
Plan to establish broken road in town can be considered later.,Later
Plan to establish broken road in village can be considered later.,Later
Plan to establish broken road in village can be considered later.,Later
Plan to establish building public library in city can be considered later.,Later
Plan to establish building public library in residential colony can be considered later.,Later
Plan to establish building public library in school zone can be considered later.,Later
Plan to establish building public library in town can be considered later.,Later
Plan to establish bus stand crowding in city can be considered later.,Later
Plan to establish bus stand crowding in highway can be considered later.,Later
Plan to establish bus stand crowding in highway can be considered later.,Later
Plan to establish bus stand crowding in hospital area can be considered later.,Later
Plan to establish bus stand crowding in main road can be considered later.,Later
Plan to establish bus stand crowding in main road can be considered later.,Later
Plan to establish bus stand crowding in main road can be considered later.,Later
Plan to establish bus stand crowding in market area can be considered later.,Later
Plan to establish bus stand crowding in market area can be considered later.,Later
Plan to establish bus stand crowding in residential colony can be considered later.,Later
Plan to establish bus stand crowding in residential colony can be considered later.,Later
Plan to establish bus stand crowding in town can be considered later.,Later
Plan to establish bus stand crowding in town can be considered later.,Later
Plan to establish construction of bus stand in bus stand can be considered later.,Later
Plan to establish construction of bus stand in highway can be considered later.,Later
Plan to establish construction of bus stand in hospital area can be considered later.,Later
Plan to establish construction of bus stand in main road can be considered later.,Later
Plan to establish construction of bus stand in market area can be considered later.,Later
Plan to establish construction of bus stand in school zone can be considered later.,Later
Plan to establish construction of bus stand in town can be considered later.,Later
Plan to establish construction of bus stand in village can be considered later.,Later
Plan to establish electricity outage in main road can be considered later.,Later
Plan to establish electricity outage in residential colony can be considered later.,Later
Plan to establish electricity outage in residential colony can be considered later.,Later
Plan to establish electricity outage in school zone can be considered later.,Later
Plan to establish electricity outage in town can be considered later.,Later
Plan to establish electricity outage in town can be considered later.,Later
Plan to establish garbage pileup in bus stand can be considered later.,Later
Plan to establish garbage pileup in city can be considered later.,Later
Plan to establish garbage pileup in city can be considered later.,Later
Plan to establish garbage pileup in school zone can be considered later.,Later
Plan to establish garbage pileup in town can be considered later.,Later
Plan to establish garbage pileup in village can be considered later.,Later
Plan to establish hospital medicine shortage in highway can be considered later.,Later
Plan to establish hospital medicine shortage in highway can be considered later.,Later
Plan to establish hospital medicine shortage in hospital area can be considered later.,Later
Plan to establish hospital medicine shortage in residential colony can be considered later.,Later
Plan to establish hospital medicine shortage in school zone can be considered later.,Later
Plan to establish hospital medicine shortage in village can be considered later.,Later
Plan to establish need new school in bus stand can be considered later.,Later
Plan to establish need new school in highway can be considered later.,Later
Plan to establish need new school in hospital area can be considered later.,Later
Plan to establish need new school in residential colony can be considered later.,Later
Plan to establish need new school in town can be considered later.,Later
Plan to establish need new school in town can be considered later.,Later
Plan to establish need new school in town can be considered later.,Later
Plan to establish need new school in town can be considered later.,Later
Plan to establish need new school in town can be considered later.,Later
Plan to establish need new school in village can be considered later.,Later
Plan to establish need overhead water tank in bus stand can be considered later.,Later
Plan to establish need overhead water tank in highway can be considered later.,Later
Plan to establish need overhead water tank in hospital area can be considered later.,Later
Plan to establish need overhead water tank in hospital area can be considered later.,Later
Plan to establish need overhead water tank in main road can be considered later.,Later
Plan to establish need overhead water tank in village can be considered later.,Later
Plan to establish need overhead water tank in village can be considered later.,Later
Plan to establish public toilet maintenance in bus stand can be considered later.,Later
Plan to establish public toilet maintenance in town can be considered later.,Later
Plan to establish public toilet maintenance in town can be considered later.,Later
Plan to establish public toilet maintenance in village can be considered later.,Later
Plan to establish school building damage in city can be considered later.,Later
Plan to establish school building damage in highway can be considered later.,Later
Plan to establish school building damage in hospital area can be considered later.,Later
Plan to establish school building damage in main road can be considered later.,Later
Plan to establish school building damage in market area can be considered later.,Later
Plan to establish school building damage in market area can be considered later.,Later
Plan to establish school building damage in residential colony can be considered later.,Later
Plan to establish school building damage in residential colony can be considered later.,Later
Plan to establish school building damage in residential colony can be considered later.,Later
Plan to establish school building damage in school zone can be considered later.,Later
Plan to establish school building damage in town can be considered later.,Later
Plan to establish school building damage in town can be considered later.,Later
Plan to establish school building damage in village can be considered later.,Later
Plan to establish school building damage in village can be considered later.,Later
Plan to establish sewage overflow in bus stand can be considered later.,Later
Plan to establish sewage overflow in bus stand can be considered later.,Later
Plan to establish sewage overflow in city can be considered later.,Later
Plan to establish sewage overflow in highway can be considered later.,Later
Plan to establish sewage overflow in highway can be considered later.,Later
Plan to establish sewage overflow in highway can be considered later.,Later
Plan to establish sewage overflow in market area can be considered later.,Later
Plan to establish sewage overflow in residential colony can be considered later.,Later
Plan to establish sewage overflow in school zone can be considered later.,Later
Plan to establish sewage overflow in town can be considered later.,Later
Plan to establish sewage overflow in village can be considered later.,Later
Plan to establish sewage overflow in village can be considered later.,Later
Plan to establish solar street lights installation in city can be considered later.,Later
Plan to establish solar street lights installation in highway can be considered later.,Later
Plan to establish solar street lights installation in hospital area can be considered later.,Later
Plan to establish solar street lights installation in market area can be considered later.,Later
Plan to establish solar street lights installation in residential colony can be considered later.,Later
Plan to establish solar street lights installation in residential colony can be considered later.,Later
Plan to establish solar street lights installation in school zone can be considered later.,Later
Plan to establish solar street lights installation in town can be considered later.,Later
Plan to establish solar street lights installation in town can be considered later.,Later
Plan to establish sports ground request in bus stand can be considered later.,Later
Plan to establish sports ground request in highway can be considered later.,Later
Plan to establish sports ground request in hospital area can be considered later.,Later
Plan to establish sports ground request in residential colony can be considered later.,Later
Plan to establish sports ground request in village can be considered later.,Later
Plan to establish sports ground request in village can be considered later.,Later
Plan to establish streetlight failure in hospital area can be considered later.,Later
Plan to establish streetlight failure in hospital area can be considered later.,Later
Plan to establish streetlight failure in market area can be considered later.,Later
Plan to establish streetlight failure in market area can be considered later.,Later
Plan to establish streetlight failure in market area can be considered later.,Later
Plan to establish water supply shortage in bus stand can be considered later.,Later
Plan to establish water supply shortage in city can be considered later.,Later
Plan to establish water supply shortage in hospital area can be considered later.,Later
Plan to establish water supply shortage in hospital area can be considered later.,Later
Plan to establish water supply shortage in main road can be considered later.,Later
Plan to establish water supply shortage in market area can be considered later.,Later
Proposal to improve broken road in city in future plans.,Later
Proposal to improve broken road in highway in future plans.,Later
Proposal to improve broken road in hospital area in future plans.,Later
Proposal to improve broken road in main road in future plans.,Later
Proposal to improve broken road in main road in future plans.,Later
Proposal to improve broken road in main road in future plans.,Later
Proposal to improve broken road in market area in future plans.,Later
Proposal to improve broken road in residential colony in future plans.,Later
Proposal to improve broken road in town in future plans.,Later
Proposal to improve building public library in city in future plans.,Later
Proposal to improve building public library in market area in future plans.,Later
Proposal to improve building public library in market area in future plans.,Later
Proposal to improve building public library in residential colony in future plans.,Later
Proposal to improve building public library in residential colony in future plans.,Later
Proposal to improve building public library in town in future plans.,Later
Proposal to improve building public library in village in future plans.,Later
Proposal to improve bus stand crowding in bus stand in future plans.,Later
Proposal to improve bus stand crowding in residential colony in future plans.,Later
Proposal to improve bus stand crowding in village in future plans.,Later
Proposal to improve construction of bus stand in bus stand in future plans.,Later
Proposal to improve construction of bus stand in bus stand in future plans.,Later
Proposal to improve construction of bus stand in city in future plans.,Later
Proposal to improve construction of bus stand in city in future plans.,Later
Proposal to improve construction of bus stand in highway in future plans.,Later
Proposal to improve construction of bus stand in highway in future plans.,Later
Proposal to improve construction of bus stand in market area in future plans.,Later
Proposal to improve construction of bus stand in town in future plans.,Later
Proposal to improve construction of bus stand in town in future plans.,Later
Proposal to improve electricity outage in highway in future plans.,Later
Proposal to improve electricity outage in main road in future plans.,Later
Proposal to improve electricity outage in main road in future plans.,Later
Proposal to improve electricity outage in market area in future plans.,Later
Proposal to improve electricity outage in residential colony in future plans.,Later
Proposal to improve electricity outage in school zone in future plans.,Later
Proposal to improve electricity outage in town in future plans.,Later
Proposal to improve electricity outage in town in future plans.,Later
Proposal to improve garbage pileup in bus stand in future plans.,Later
Proposal to improve garbage pileup in market area in future plans.,Later
Proposal to improve garbage pileup in school zone in future plans.,Later
Proposal to improve garbage pileup in town in future plans.,Later
Proposal to improve hospital medicine shortage in bus stand in future plans.,Later
Proposal to improve hospital medicine shortage in city in future plans.,Later
Proposal to improve hospital medicine shortage in highway in future plans.,Later
Proposal to improve hospital medicine shortage in highway in future plans.,Later
Proposal to improve hospital medicine shortage in hospital area in future plans.,Later
Proposal to improve hospital medicine shortage in hospital area in future plans.,Later
Proposal to improve hospital medicine shortage in residential colony in future plans.,Later
Proposal to improve hospital medicine shortage in town in future plans.,Later
Proposal to improve hospital medicine shortage in village in future plans.,Later
Proposal to improve hospital medicine shortage in village in future plans.,Later
Proposal to improve need new school in bus stand in future plans.,Later
Proposal to improve need new school in bus stand in future plans.,Later
Proposal to improve need new school in highway in future plans.,Later
Proposal to improve need new school in hospital area in future plans.,Later
Proposal to improve need new school in hospital area in future plans.,Later
Proposal to improve need new school in main road in future plans.,Later
Proposal to improve need new school in market area in future plans.,Later
Proposal to improve need new school in residential colony in future plans.,Later
Proposal to improve need new school in town in future plans.,Later
Proposal to improve need new school in town in future plans.,Later
Proposal to improve need new school in village in future plans.,Later
Proposal to improve need overhead water tank in bus stand in future plans.,Later
Proposal to improve need overhead water tank in city in future plans.,Later
Proposal to improve need overhead water tank in city in future plans.,Later
Proposal to improve need overhead water tank in highway in future plans.,Later
Proposal to improve need overhead water tank in main road in future plans.,Later
Proposal to improve need overhead water tank in market area in future plans.,Later
Proposal to improve need overhead water tank in market area in future plans.,Later
Proposal to improve need overhead water tank in market area in future plans.,Later
Proposal to improve need overhead water tank in residential colony in future plans.,Later
Proposal to improve need overhead water tank in school zone in future plans.,Later
Proposal to improve need overhead water tank in school zone in future plans.,Later
Proposal to improve need overhead water tank in school zone in future plans.,Later
Proposal to improve public toilet maintenance in bus stand in future plans.,Later
Proposal to improve public toilet maintenance in bus stand in future plans.,Later
Proposal to improve public toilet maintenance in city in future plans.,Later
Proposal to improve public toilet maintenance in city in future plans.,Later
Proposal to improve public toilet maintenance in hospital area in future plans.,Later
Proposal to improve public toilet maintenance in main road in future plans.,Later
Proposal to improve public toilet maintenance in market area in future plans.,Later
Proposal to improve public toilet maintenance in market area in future plans.,Later
Proposal to improve public toilet maintenance in town in future plans.,Later
Proposal to improve public toilet maintenance in village in future plans.,Later
Proposal to improve school building damage in bus stand in future plans.,Later
Proposal to improve school building damage in city in future plans.,Later
Proposal to improve school building damage in hospital area in future plans.,Later
Proposal to improve school building damage in school zone in future plans.,Later
Proposal to improve school building damage in village in future plans.,Later
Proposal to improve sewage overflow in city in future plans.,Later
Proposal to improve sewage overflow in city in future plans.,Later
Proposal to improve sewage overflow in highway in future plans.,Later
Proposal to improve sewage overflow in highway in future plans.,Later
Proposal to improve sewage overflow in highway in future plans.,Later
Proposal to improve sewage overflow in market area in future plans.,Later
Proposal to improve sewage overflow in market area in future plans.,Later
Proposal to improve sewage overflow in market area in future plans.,Later
Proposal to improve sewage overflow in school zone in future plans.,Later
Proposal to improve sewage overflow in school zone in future plans.,Later
Proposal to improve sewage overflow in school zone in future plans.,Later
Proposal to improve sewage overflow in town in future plans.,Later
Proposal to improve sewage overflow in village in future plans.,Later
Proposal to improve solar street lights installation in hospital area in future plans.,Later
Proposal to improve solar street lights installation in main road in future plans.,Later
Proposal to improve solar street lights installation in market area in future plans.,Later
Proposal to improve sports ground request in bus stand in future plans.,Later
Proposal to improve sports ground request in city in future plans.,Later
Proposal to improve sports ground request in city in future plans.,Later
Proposal to improve sports ground request in hospital area in future plans.,Later
Proposal to improve sports ground request in main road in future plans.,Later
Proposal to improve sports ground request in town in future plans.,Later
Proposal to improve streetlight failure in highway in future plans.,Later
Proposal to improve streetlight failure in hospital area in future plans.,Later
Proposal to improve streetlight failure in market area in future plans.,Later
Proposal to improve streetlight failure in school zone in future plans.,Later
Proposal to improve streetlight failure in school zone in future plans.,Later
Proposal to improve streetlight failure in village in future plans.,Later
Proposal to improve water supply shortage in bus stand in future plans.,Later
Proposal to improve water supply shortage in bus stand in future plans.,Later
Proposal to improve water supply shortage in city in future plans.,Later
Proposal to improve water supply shortage in market area in future plans.,Later
Proposal to improve water supply shortage in market area in future plans.,Later
Proposal to improve water supply shortage in market area in future plans.,Later
Proposal to improve water supply shortage in school zone in future plans.,Later
Proposal to improve water supply shortage in school zone in future plans.,Later
Proposal to improve water supply shortage in village in future plans.,Later
Request for new project regarding broken road in bus stand.,Later
Request for new project regarding broken road in bus stand.,Later
Request for new project regarding broken road in city.,Later
Request for new project regarding broken road in highway.,Later
Request for new project regarding broken road in highway.,Later
Request for new project regarding broken road in highway.,Later
Request for new project regarding broken road in highway.,Later
Request for new project regarding broken road in highway.,Later
Request for new project regarding broken road in main road.,Later
Request for new project regarding broken road in main road.,Later
Request for new project regarding broken road in residential colony.,Later
Request for new project regarding broken road in residential colony.,Later
Request for new project regarding building public library in highway.,Later
Request for new project regarding building public library in hospital area.,Later
Request for new project regarding building public library in market area.,Later
Request for new project regarding building public library in town.,Later
Request for new project regarding bus stand crowding in bus stand.,Later
Request for new project regarding bus stand crowding in bus stand.,Later
Request for new project regarding bus stand crowding in bus stand.,Later
Request for new project regarding bus stand crowding in city.,Later
Request for new project regarding bus stand crowding in highway.,Later
Request for new project regarding bus stand crowding in highway.,Later
Request for new project regarding bus stand crowding in main road.,Later
Request for new project regarding bus stand crowding in residential colony.,Later
Request for new project regarding bus stand crowding in residential colony.,Later
Request for new project regarding bus stand crowding in school zone.,Later
Request for new project regarding bus stand crowding in school zone.,Later
Request for new project regarding bus stand crowding in village.,Later
Request for new project regarding construction of bus stand in city.,Later
Request for new project regarding construction of bus stand in highway.,Later
Request for new project regarding construction of bus stand in highway.,Later
Request for new project regarding construction of bus stand in highway.,Later
Request for new project regarding construction of bus stand in school zone.,Later
Request for new project regarding construction of bus stand in school zone.,Later
Request for new project regarding construction of bus stand in school zone.,Later
Request for new project regarding construction of bus stand in town.,Later
Request for new project regarding construction of bus stand in town.,Later
Request for new project regarding construction of bus stand in village.,Later
Request for new project regarding electricity outage in city.,Later
Request for new project regarding electricity outage in highway.,Later
Request for new project regarding electricity outage in highway.,Later
Request for new project regarding electricity outage in highway.,Later
Request for new project regarding electricity outage in hospital area.,Later
Request for new project regarding electricity outage in main road.,Later
Request for new project regarding electricity outage in town.,Later
Request for new project regarding electricity outage in town.,Later
Request for new project regarding garbage pileup in city.,Later
Request for new project regarding garbage pileup in city.,Later
Request for new project regarding garbage pileup in city.,Later
Request for new project regarding garbage pileup in highway.,Later
Request for new project regarding garbage pileup in main road.,Later
Request for new project regarding garbage pileup in main road.,Later
Request for new project regarding garbage pileup in market area.,Later
Request for new project regarding garbage pileup in school zone.,Later
Request for new project regarding garbage pileup in town.,Later
Request for new project regarding garbage pileup in village.,Later
Request for new project regarding hospital medicine shortage in bus stand.,Later
Request for new project regarding hospital medicine shortage in bus stand.,Later
Request for new project regarding hospital medicine shortage in city.,Later
Request for new project regarding hospital medicine shortage in main road.,Later
Request for new project regarding hospital medicine shortage in market area.,Later
Request for new project regarding hospital medicine shortage in school zone.,Later
Request for new project regarding hospital medicine shortage in school zone.,Later
Request for new project regarding hospital medicine shortage in village.,Later
Request for new project regarding hospital medicine shortage in village.,Later
Request for new project regarding hospital medicine shortage in village.,Later
Request for new project regarding need new school in city.,Later
Request for new project regarding need new school in highway.,Later
Request for new project regarding need new school in hospital area.,Later
Request for new project regarding need new school in hospital area.,Later
Request for new project regarding need new school in hospital area.,Later
Request for new project regarding need new school in market area.,Later
Request for new project regarding need new school in market area.,Later
Request for new project regarding need new school in town.,Later
Request for new project regarding need new school in village.,Later
Request for new project regarding need overhead water tank in bus stand.,Later
Request for new project regarding need overhead water tank in city.,Later
Request for new project regarding need overhead water tank in city.,Later
Request for new project regarding need overhead water tank in hospital area.,Later
Request for new project regarding need overhead water tank in hospital area.,Later
Request for new project regarding need overhead water tank in main road.,Later
Request for new project regarding need overhead water tank in market area.,Later
Request for new project regarding need overhead water tank in school zone.,Later
Request for new project regarding public toilet maintenance in city.,Later
Request for new project regarding public toilet maintenance in highway.,Later
Request for new project regarding public toilet maintenance in hospital area.,Later
Request for new project regarding public toilet maintenance in main road.,Later
Request for new project regarding public toilet maintenance in residential colony.,Later
Request for new project regarding public toilet maintenance in residential colony.,Later
Request for new project regarding public toilet maintenance in town.,Later
Request for new project regarding public toilet maintenance in town.,Later
Request for new project regarding public toilet maintenance in village.,Later
Request for new project regarding public toilet maintenance in village.,Later
Request for new project regarding public toilet maintenance in village.,Later
Request for new project regarding public toilet maintenance in village.,Later
Request for new project regarding school building damage in city.,Later
Request for new project regarding school building damage in highway.,Later
Request for new project regarding school building damage in main road.,Later
Request for new project regarding school building damage in market area.,Later
Request for new project regarding school building damage in market area.,Later
Request for new project regarding school building damage in residential colony.,Later
Request for new project regarding school building damage in village.,Later
Request for new project regarding sewage overflow in bus stand.,Later
Request for new project regarding sewage overflow in highway.,Later
Request for new project regarding sewage overflow in hospital area.,Later
Request for new project regarding sewage overflow in hospital area.,Later
Request for new project regarding sewage overflow in hospital area.,Later
Request for new project regarding sewage overflow in market area.,Later
Request for new project regarding sewage overflow in residential colony.,Later
Request for new project regarding sewage overflow in residential colony.,Later
Request for new project regarding sewage overflow in town.,Later
Request for new project regarding sewage overflow in village.,Later
Request for new project regarding solar street lights installation in main road.,Later
Request for new project regarding solar street lights installation in main road.,Later
Request for new project regarding solar street lights installation in main road.,Later
Request for new project regarding solar street lights installation in market area.,Later
Request for new project regarding solar street lights installation in town.,Later
Request for new project regarding sports ground request in bus stand.,Later
Request for new project regarding sports ground request in city.,Later
Request for new project regarding sports ground request in market area.,Later
Request for new project regarding sports ground request in residential colony.,Later
Request for new project regarding sports ground request in residential colony.,Later
Request for new project regarding sports ground request in school zone.,Later
Request for new project regarding sports ground request in school zone.,Later
Request for new project regarding sports ground request in school zone.,Later
Request for new project regarding sports ground request in school zone.,Later
Request for new project regarding sports ground request in town.,Later
Request for new project regarding sports ground request in village.,Later
Request for new project regarding streetlight failure in hospital area.,Later
Request for new project regarding streetlight failure in hospital area.,Later
Request for new project regarding streetlight failure in market area.,Later
Request for new project regarding streetlight failure in market area.,Later
Request for new project regarding streetlight failure in residential colony.,Later
Request for new project regarding water supply shortage in hospital area.,Later
Request for new project regarding water supply shortage in hospital area.,Later
Request for new project regarding water supply shortage in main road.,Later
Request for new project regarding water supply shortage in main road.,Later
Request for new project regarding water supply shortage in residential colony.,Later
Request for new project regarding water supply shortage in school zone.,Later
Request for new project regarding water supply shortage in village.,Later
Citizens have requested better broken road in bus stand.,Neutral
Citizens have requested better broken road in main road.,Neutral
Citizens have requested better broken road in market area.,Neutral
Citizens have requested better broken road in school zone.,Neutral
Citizens have requested better broken road in school zone.,Neutral
Citizens have requested better broken road in town.,Neutral
Citizens have requested better broken road in town.,Neutral
Citizens have requested better broken road in village.,Neutral
Citizens have requested better building public library in highway.,Neutral
Citizens have requested better building public library in main road.,Neutral
Citizens have requested better building public library in school zone.,Neutral
Citizens have requested better building public library in town.,Neutral
Citizens have requested better building public library in village.,Neutral
Citizens have requested better bus stand crowding in residential colony.,Neutral
Citizens have requested better bus stand crowding in residential colony.,Neutral
Citizens have requested better bus stand crowding in residential colony.,Neutral
Citizens have requested better bus stand crowding in village.,Neutral
Citizens have requested better construction of bus stand in bus stand.,Neutral
Citizens have requested better construction of bus stand in city.,Neutral
Citizens have requested better construction of bus stand in highway.,Neutral
Citizens have requested better construction of bus stand in highway.,Neutral
Citizens have requested better construction of bus stand in main road.,Neutral
Citizens have requested better construction of bus stand in market area.,Neutral
Citizens have requested better construction of bus stand in school zone.,Neutral
Citizens have requested better construction of bus stand in town.,Neutral
Citizens have requested better electricity outage in bus stand.,Neutral
Citizens have requested better electricity outage in bus stand.,Neutral
Citizens have requested better electricity outage in city.,Neutral
Citizens have requested better electricity outage in highway.,Neutral
Citizens have requested better electricity outage in highway.,Neutral
Citizens have requested better electricity outage in main road.,Neutral
Citizens have requested better electricity outage in main road.,Neutral
Citizens have requested better electricity outage in market area.,Neutral
Citizens have requested better electricity outage in market area.,Neutral
Citizens have requested better electricity outage in residential colony.,Neutral
Citizens have requested better electricity outage in school zone.,Neutral
Citizens have requested better electricity outage in village.,Neutral
Citizens have requested better garbage pileup in city.,Neutral
Citizens have requested better garbage pileup in hospital area.,Neutral
Citizens have requested better garbage pileup in market area.,Neutral
Citizens have requested better garbage pileup in town.,Neutral
Citizens have requested better hospital medicine shortage in bus stand.,Neutral
Citizens have requested better hospital medicine shortage in bus stand.,Neutral
Citizens have requested better hospital medicine shortage in city.,Neutral
Citizens have requested better hospital medicine shortage in hospital area.,Neutral
Citizens have requested better hospital medicine shortage in market area.,Neutral
Citizens have requested better hospital medicine shortage in school zone.,Neutral
Citizens have requested better hospital medicine shortage in town.,Neutral
Citizens have requested better hospital medicine shortage in town.,Neutral
Citizens have requested better need new school in bus stand.,Neutral
Citizens have requested better need new school in city.,Neutral
Citizens have requested better need new school in main road.,Neutral
Citizens have requested better need new school in residential colony.,Neutral
Citizens have requested better need new school in residential colony.,Neutral
Citizens have requested better need overhead water tank in bus stand.,Neutral
Citizens have requested better need overhead water tank in bus stand.,Neutral
Citizens have requested better need overhead water tank in city.,Neutral
Citizens have requested better need overhead water tank in city.,Neutral
Citizens have requested better need overhead water tank in city.,Neutral
Citizens have requested better need overhead water tank in hospital area.,Neutral
Citizens have requested better need overhead water tank in market area.,Neutral
Citizens have requested better need overhead water tank in market area.,Neutral
Citizens have requested better need overhead water tank in market area.,Neutral
Citizens have requested better need overhead water tank in town.,Neutral
Citizens have requested better public toilet maintenance in hospital area.,Neutral
Citizens have requested better public toilet maintenance in main road.,Neutral
Citizens have requested better public toilet maintenance in residential colony.,Neutral
Citizens have requested better public toilet maintenance in town.,Neutral
Citizens have requested better public toilet maintenance in town.,Neutral
Citizens have requested better public toilet maintenance in village.,Neutral
Citizens have requested better public toilet maintenance in village.,Neutral
Citizens have requested better school building damage in bus stand.,Neutral
Citizens have requested better school building damage in hospital area.,Neutral
Citizens have requested better school building damage in main road.,Neutral
Citizens have requested better school building damage in main road.,Neutral
Citizens have requested better school building damage in residential colony.,Neutral
Citizens have requested better school building damage in residential colony.,Neutral
Citizens have requested better school building damage in school zone.,Neutral
Citizens have requested better school building damage in school zone.,Neutral
Citizens have requested better school building damage in town.,Neutral
Citizens have requested better school building damage in town.,Neutral
Citizens have requested better school building damage in village.,Neutral
Citizens have requested better sewage overflow in bus stand.,Neutral
Citizens have requested better sewage overflow in bus stand.,Neutral
Citizens have requested better sewage overflow in bus stand.,Neutral
Citizens have requested better sewage overflow in highway.,Neutral
Citizens have requested better sewage overflow in highway.,Neutral
Citizens have requested better sewage overflow in hospital area.,Neutral
Citizens have requested better sewage overflow in hospital area.,Neutral
Citizens have requested better sewage overflow in hospital area.,Neutral
Citizens have requested better sewage overflow in hospital area.,Neutral
Citizens have requested better sewage overflow in main road.,Neutral
Citizens have requested better sewage overflow in main road.,Neutral
Citizens have requested better sewage overflow in main road.,Neutral
Citizens have requested better sewage overflow in market area.,Neutral
Citizens have requested better sewage overflow in residential colony.,Neutral
Citizens have requested better sewage overflow in school zone.,Neutral
Citizens have requested better sewage overflow in town.,Neutral
Citizens have requested better sewage overflow in town.,Neutral
Citizens have requested better solar street lights installation in bus stand.,Neutral
Citizens have requested better solar street lights installation in bus stand.,Neutral
Citizens have requested better solar street lights installation in highway.,Neutral
Citizens have requested better solar street lights installation in highway.,Neutral
Citizens have requested better solar street lights installation in highway.,Neutral
Citizens have requested better solar street lights installation in hospital area.,Neutral
Citizens have requested better solar street lights installation in market area.,Neutral
Citizens have requested better solar street lights installation in market area.,Neutral
Citizens have requested better solar street lights installation in residential colony.,Neutral
Citizens have requested better solar street lights installation in town.,Neutral
Citizens have requested better solar street lights installation in town.,Neutral
Citizens have requested better solar street lights installation in village.,Neutral
Citizens have requested better solar street lights installation in village.,Neutral
Citizens have requested better solar street lights installation in village.,Neutral
Citizens have requested better sports ground request in bus stand.,Neutral
Citizens have requested better sports ground request in bus stand.,Neutral
Citizens have requested better sports ground request in city.,Neutral
Citizens have requested better sports ground request in highway.,Neutral
Citizens have requested better sports ground request in town.,Neutral
Citizens have requested better streetlight failure in bus stand.,Neutral
Citizens have requested better streetlight failure in city.,Neutral
Citizens have requested better streetlight failure in residential colony.,Neutral
Citizens have requested better water supply shortage in bus stand.,Neutral
Citizens have requested better water supply shortage in city.,Neutral
Citizens have requested better water supply shortage in main road.,Neutral
Citizens have requested better water supply shortage in market area.,Neutral
Citizens have requested better water supply shortage in town.,Neutral
Moderate issue observed: broken road at bus stand. Kindly check.,Neutral
Moderate issue observed: broken road at bus stand. Kindly check.,Neutral
Moderate issue observed: broken road at city. Kindly check.,Neutral
Moderate issue observed: broken road at highway. Kindly check.,Neutral
Moderate issue observed: broken road at main road. Kindly check.,Neutral
Moderate issue observed: broken road at village. Kindly check.,Neutral
Moderate issue observed: building public library at bus stand. Kindly check.,Neutral
Moderate issue observed: building public library at city. Kindly check.,Neutral
Moderate issue observed: building public library at city. Kindly check.,Neutral
Moderate issue observed: building public library at city. Kindly check.,Neutral
Moderate issue observed: building public library at highway. Kindly check.,Neutral
Moderate issue observed: building public library at main road. Kindly check.,Neutral
Moderate issue observed: building public library at main road. Kindly check.,Neutral
Moderate issue observed: building public library at main road. Kindly check.,Neutral
Moderate issue observed: building public library at residential colony. Kindly check.,Neutral
Moderate issue observed: building public library at town. Kindly check.,Neutral
Moderate issue observed: bus stand crowding at bus stand. Kindly check.,Neutral
Moderate issue observed: bus stand crowding at bus stand. Kindly check.,Neutral
Moderate issue observed: bus stand crowding at city. Kindly check.,Neutral
Moderate issue observed: bus stand crowding at highway. Kindly check.,Neutral
Moderate issue observed: bus stand crowding at hospital area. Kindly check.,Neutral
Moderate issue observed: bus stand crowding at main road. Kindly check.,Neutral
Moderate issue observed: bus stand crowding at market area. Kindly check.,Neutral
Moderate issue observed: bus stand crowding at market area. Kindly check.,Neutral
Moderate issue observed: bus stand crowding at residential colony. Kindly check.,Neutral
Moderate issue observed: bus stand crowding at village. Kindly check.,Neutral
Moderate issue observed: construction of bus stand at bus stand. Kindly check.,Neutral
Moderate issue observed: construction of bus stand at bus stand. Kindly check.,Neutral
Moderate issue observed: construction of bus stand at city. Kindly check.,Neutral
Moderate issue observed: construction of bus stand at highway. Kindly check.,Neutral
Moderate issue observed: construction of bus stand at market area. Kindly check.,Neutral
Moderate issue observed: construction of bus stand at school zone. Kindly check.,Neutral
Moderate issue observed: electricity outage at bus stand. Kindly check.,Neutral
Moderate issue observed: electricity outage at bus stand. Kindly check.,Neutral
Moderate issue observed: electricity outage at highway. Kindly check.,Neutral
Moderate issue observed: electricity outage at hospital area. Kindly check.,Neutral
Moderate issue observed: electricity outage at main road. Kindly check.,Neutral
Moderate issue observed: electricity outage at market area. Kindly check.,Neutral
Moderate issue observed: electricity outage at market area. Kindly check.,Neutral
Moderate issue observed: garbage pileup at bus stand. Kindly check.,Neutral
Moderate issue observed: garbage pileup at bus stand. Kindly check.,Neutral
Moderate issue observed: garbage pileup at bus stand. Kindly check.,Neutral
Moderate issue observed: garbage pileup at city. Kindly check.,Neutral
Moderate issue observed: garbage pileup at city. Kindly check.,Neutral
Moderate issue observed: garbage pileup at market area. Kindly check.,Neutral
Moderate issue observed: garbage pileup at market area. Kindly check.,Neutral
Moderate issue observed: garbage pileup at school zone. Kindly check.,Neutral
Moderate issue observed: garbage pileup at school zone. Kindly check.,Neutral
Moderate issue observed: hospital medicine shortage at main road. Kindly check.,Neutral
Moderate issue observed: hospital medicine shortage at town. Kindly check.,Neutral
Moderate issue observed: need new school at bus stand. Kindly check.,Neutral
Moderate issue observed: need new school at hospital area. Kindly check.,Neutral
Moderate issue observed: need new school at hospital area. Kindly check.,Neutral
Moderate issue observed: need new school at residential colony. Kindly check.,Neutral
Moderate issue observed: need new school at school zone. Kindly check.,Neutral
Moderate issue observed: need new school at town. Kindly check.,Neutral
Moderate issue observed: need new school at village. Kindly check.,Neutral
Moderate issue observed: need new school at village. Kindly check.,Neutral
Moderate issue observed: need overhead water tank at bus stand. Kindly check.,Neutral
Moderate issue observed: need overhead water tank at bus stand. Kindly check.,Neutral
Moderate issue observed: need overhead water tank at city. Kindly check.,Neutral
Moderate issue observed: need overhead water tank at city. Kindly check.,Neutral
Moderate issue observed: need overhead water tank at main road. Kindly check.,Neutral
Moderate issue observed: need overhead water tank at main road. Kindly check.,Neutral
Moderate issue observed: need overhead water tank at market area. Kindly check.,Neutral
Moderate issue observed: need overhead water tank at residential colony. Kindly check.,Neutral
Moderate issue observed: need overhead water tank at school zone. Kindly check.,Neutral
Moderate issue observed: need overhead water tank at school zone. Kindly check.,Neutral
Moderate issue observed: need overhead water tank at school zone. Kindly check.,Neutral
Moderate issue observed: need overhead water tank at school zone. Kindly check.,Neutral
Moderate issue observed: public toilet maintenance at bus stand. Kindly check.,Neutral
Moderate issue observed: public toilet maintenance at city. Kindly check.,Neutral
Moderate issue observed: public toilet maintenance at highway. Kindly check.,Neutral
Moderate issue observed: public toilet maintenance at hospital area. Kindly check.,Neutral
Moderate issue observed: public toilet maintenance at hospital area. Kindly check.,Neutral
Moderate issue observed: public toilet maintenance at hospital area. Kindly check.,Neutral
Moderate issue observed: public toilet maintenance at main road. Kindly check.,Neutral
Moderate issue observed: public toilet maintenance at market area. Kindly check.,Neutral
Moderate issue observed: public toilet maintenance at market area. Kindly check.,Neutral
Moderate issue observed: public toilet maintenance at residential colony. Kindly check.,Neutral
Moderate issue observed: public toilet maintenance at school zone. Kindly check.,Neutral
Moderate issue observed: public toilet maintenance at school zone. Kindly check.,Neutral
Moderate issue observed: public toilet maintenance at town. Kindly check.,Neutral
Moderate issue observed: public toilet maintenance at town. Kindly check.,Neutral
Moderate issue observed: public toilet maintenance at town. Kindly check.,Neutral
Moderate issue observed: public toilet maintenance at village. Kindly check.,Neutral
Moderate issue observed: school building damage at bus stand. Kindly check.,Neutral
Moderate issue observed: school building damage at city. Kindly check.,Neutral
Moderate issue observed: school building damage at hospital area. Kindly check.,Neutral
Moderate issue observed: school building damage at town. Kindly check.,Neutral
Moderate issue observed: school building damage at town. Kindly check.,Neutral
Moderate issue observed: school building damage at village. Kindly check.,Neutral
Moderate issue observed: school building damage at village. Kindly check.,Neutral
Moderate issue observed: sewage overflow at bus stand. Kindly check.,Neutral
Moderate issue observed: sewage overflow at city. Kindly check.,Neutral
Moderate issue observed: sewage overflow at market area. Kindly check.,Neutral
Moderate issue observed: sewage overflow at market area. Kindly check.,Neutral
Moderate issue observed: sewage overflow at residential colony. Kindly check.,Neutral
Moderate issue observed: sewage overflow at residential colony. Kindly check.,Neutral
Moderate issue observed: sewage overflow at school zone. Kindly check.,Neutral
Moderate issue observed: sewage overflow at village. Kindly check.,Neutral
Moderate issue observed: solar street lights installation at bus stand. Kindly check.,Neutral
Moderate issue observed: solar street lights installation at highway. Kindly check.,Neutral
Moderate issue observed: solar street lights installation at highway. Kindly check.,Neutral
Moderate issue observed: solar street lights installation at market area. Kindly check.,Neutral
Moderate issue observed: solar street lights installation at market area. Kindly check.,Neutral
Moderate issue observed: solar street lights installation at school zone. Kindly check.,Neutral
Moderate issue observed: solar street lights installation at town. Kindly check.,Neutral
Moderate issue observed: solar street lights installation at town. Kindly check.,Neutral
Moderate issue observed: solar street lights installation at town. Kindly check.,Neutral
Moderate issue observed: solar street lights installation at village. Kindly check.,Neutral
Moderate issue observed: sports ground request at city. Kindly check.,Neutral
Moderate issue observed: sports ground request at city. Kindly check.,Neutral
Moderate issue observed: sports ground request at highway. Kindly check.,Neutral
Moderate issue observed: sports ground request at hospital area. Kindly check.,Neutral
Moderate issue observed: sports ground request at hospital area. Kindly check.,Neutral
Moderate issue observed: sports ground request at hospital area. Kindly check.,Neutral
Moderate issue observed: sports ground request at hospital area. Kindly check.,Neutral
Moderate issue observed: sports ground request at hospital area. Kindly check.,Neutral
Moderate issue observed: sports ground request at market area. Kindly check.,Neutral
Moderate issue observed: sports ground request at residential colony. Kindly check.,Neutral
Moderate issue observed: sports ground request at residential colony. Kindly check.,Neutral
Moderate issue observed: sports ground request at residential colony. Kindly check.,Neutral
Moderate issue observed: sports ground request at town. Kindly check.,Neutral
Moderate issue observed: streetlight failure at bus stand. Kindly check.,Neutral
Moderate issue observed: streetlight failure at hospital area. Kindly check.,Neutral
Moderate issue observed: streetlight failure at main road. Kindly check.,Neutral
Moderate issue observed: streetlight failure at residential colony. Kindly check.,Neutral
Moderate issue observed: streetlight failure at school zone. Kindly check.,Neutral
Moderate issue observed: streetlight failure at town. Kindly check.,Neutral
Moderate issue observed: streetlight failure at town. Kindly check.,Neutral
Moderate issue observed: streetlight failure at town. Kindly check.,Neutral
Moderate issue observed: streetlight failure at village. Kindly check.,Neutral
Moderate issue observed: water supply shortage at bus stand. Kindly check.,Neutral
Moderate issue observed: water supply shortage at bus stand. Kindly check.,Neutral
Moderate issue observed: water supply shortage at city. Kindly check.,Neutral
Moderate issue observed: water supply shortage at city. Kindly check.,Neutral
Moderate issue observed: water supply shortage at highway. Kindly check.,Neutral
Moderate issue observed: water supply shortage at highway. Kindly check.,Neutral
Moderate issue observed: water supply shortage at hospital area. Kindly check.,Neutral
Moderate issue observed: water supply shortage at main road. Kindly check.,Neutral
Moderate issue observed: water supply shortage at market area. Kindly check.,Neutral
Need improvement in broken road at bus stand.,Neutral
Need improvement in broken road at city.,Neutral
Need improvement in broken road at city.,Neutral
Need improvement in broken road at highway.,Neutral
Need improvement in broken road at town.,Neutral
Need improvement in broken road at town.,Neutral
Need improvement in building public library at city.,Neutral
Need improvement in building public library at city.,Neutral
Need improvement in building public library at highway.,Neutral
Need improvement in building public library at hospital area.,Neutral
Need improvement in building public library at main road.,Neutral
Need improvement in building public library at main road.,Neutral
Need improvement in building public library at residential colony.,Neutral
Need improvement in building public library at town.,Neutral
Need improvement in building public library at village.,Neutral
Need improvement in bus stand crowding at bus stand.,Neutral
Need improvement in bus stand crowding at bus stand.,Neutral
Need improvement in bus stand crowding at city.,Neutral
Need improvement in bus stand crowding at city.,Neutral
Need improvement in bus stand crowding at highway.,Neutral
Need improvement in bus stand crowding at hospital area.,Neutral
Need improvement in bus stand crowding at hospital area.,Neutral
Need improvement in bus stand crowding at market area.,Neutral
Need improvement in bus stand crowding at residential colony.,Neutral
Need improvement in bus stand crowding at residential colony.,Neutral
Need improvement in bus stand crowding at school zone.,Neutral
Need improvement in bus stand crowding at town.,Neutral
Need improvement in bus stand crowding at town.,Neutral
Need improvement in bus stand crowding at town.,Neutral
Need improvement in construction of bus stand at bus stand.,Neutral
Need improvement in construction of bus stand at city.,Neutral
Need improvement in construction of bus stand at hospital area.,Neutral
Need improvement in construction of bus stand at hospital area.,Neutral
Need improvement in construction of bus stand at main road.,Neutral
Need improvement in construction of bus stand at main road.,Neutral
Need improvement in construction of bus stand at market area.,Neutral
Need improvement in construction of bus stand at residential colony.,Neutral
Need improvement in construction of bus stand at town.,Neutral
Need improvement in construction of bus stand at village.,Neutral
Need improvement in electricity outage at highway.,Neutral
Need improvement in electricity outage at hospital area.,Neutral
Need improvement in electricity outage at hospital area.,Neutral
Need improvement in electricity outage at main road.,Neutral
Need improvement in electricity outage at main road.,Neutral
Need improvement in electricity outage at main road.,Neutral
Need improvement in electricity outage at market area.,Neutral
Need improvement in electricity outage at market area.,Neutral
Need improvement in electricity outage at school zone.,Neutral
Need improvement in electricity outage at town.,Neutral
Need improvement in electricity outage at village.,Neutral
Need improvement in garbage pileup at highway.,Neutral
Need improvement in garbage pileup at hospital area.,Neutral
Need improvement in garbage pileup at hospital area.,Neutral
Need improvement in garbage pileup at market area.,Neutral
Need improvement in garbage pileup at market area.,Neutral
Need improvement in garbage pileup at residential colony.,Neutral
Need improvement in garbage pileup at town.,Neutral
Need improvement in hospital medicine shortage at bus stand.,Neutral
Need improvement in hospital medicine shortage at bus stand.,Neutral
Need improvement in hospital medicine shortage at city.,Neutral
Need improvement in hospital medicine shortage at main road.,Neutral
Need improvement in hospital medicine shortage at main road.,Neutral
Need improvement in hospital medicine shortage at market area.,Neutral
Need improvement in hospital medicine shortage at school zone.,Neutral
Need improvement in hospital medicine shortage at school zone.,Neutral
Need improvement in need new school at city.,Neutral
Need improvement in need new school at city.,Neutral
Need improvement in need new school at city.,Neutral
Need improvement in need new school at residential colony.,Neutral
Need improvement in need new school at school zone.,Neutral
Need improvement in need new school at village.,Neutral
Need improvement in need overhead water tank at bus stand.,Neutral
Need improvement in need overhead water tank at bus stand.,Neutral
Need improvement in need overhead water tank at highway.,Neutral
Need improvement in need overhead water tank at hospital area.,Neutral
Need improvement in need overhead water tank at main road.,Neutral
Need improvement in need overhead water tank at school zone.,Neutral
Need improvement in need overhead water tank at school zone.,Neutral
Need improvement in need overhead water tank at town.,Neutral
Need improvement in need overhead water tank at town.,Neutral
Need improvement in need overhead water tank at village.,Neutral
Need improvement in need overhead water tank at village.,Neutral
Need improvement in need overhead water tank at village.,Neutral
Need improvement in need overhead water tank at village.,Neutral
Need improvement in public toilet maintenance at highway.,Neutral
Need improvement in public toilet maintenance at hospital area.,Neutral
Need improvement in public toilet maintenance at market area.,Neutral
Need improvement in public toilet maintenance at town.,Neutral
Need improvement in school building damage at bus stand.,Neutral
Need improvement in school building damage at bus stand.,Neutral
Need improvement in school building damage at city.,Neutral
Need improvement in school building damage at residential colony.,Neutral
Need improvement in school building damage at town.,Neutral
Need improvement in school building damage at village.,Neutral
Need improvement in sewage overflow at bus stand.,Neutral
Need improvement in sewage overflow at highway.,Neutral
Need improvement in sewage overflow at hospital area.,Neutral
Need improvement in sewage overflow at hospital area.,Neutral
Need improvement in sewage overflow at residential colony.,Neutral
Need improvement in sewage overflow at town.,Neutral
Need improvement in solar street lights installation at highway.,Neutral
Need improvement in solar street lights installation at main road.,Neutral
Need improvement in solar street lights installation at market area.,Neutral
Need improvement in solar street lights installation at market area.,Neutral
Need improvement in solar street lights installation at residential colony.,Neutral
Need improvement in solar street lights installation at town.,Neutral
Need improvement in sports ground request at city.,Neutral
Need improvement in sports ground request at main road.,Neutral
Need improvement in sports ground request at market area.,Neutral
Need improvement in sports ground request at market area.,Neutral
Need improvement in sports ground request at market area.,Neutral
Need improvement in sports ground request at residential colony.,Neutral
Need improvement in sports ground request at residential colony.,Neutral
Need improvement in sports ground request at village.,Neutral
Need improvement in streetlight failure at bus stand.,Neutral
Need improvement in streetlight failure at city.,Neutral
Need improvement in streetlight failure at highway.,Neutral
Need improvement in streetlight failure at market area.,Neutral
Need improvement in streetlight failure at residential colony.,Neutral
Need improvement in water supply shortage at highway.,Neutral
Need improvement in water supply shortage at main road.,Neutral
Need improvement in water supply shortage at market area.,Neutral
Need improvement in water supply shortage at residential colony.,Neutral
Need improvement in water supply shortage at residential colony.,Neutral
Need improvement in water supply shortage at town.,Neutral
Need improvement in water supply shortage at village.,Neutral
Request for broken road at bus stand.,Neutral
Request for broken road at city.,Neutral
Request for broken road at city.,Neutral
Request for broken road at hospital area.,Neutral
Request for broken road at main road.,Neutral
Request for broken road at market area.,Neutral
Request for broken road at market area.,Neutral
Request for broken road at school zone.,Neutral
Request for broken road at village.,Neutral
Request for building public library at bus stand.,Neutral
Request for building public library at bus stand.,Neutral
Request for building public library at bus stand.,Neutral
Request for building public library at hospital area.,Neutral
Request for building public library at main road.,Neutral
Request for building public library at main road.,Neutral
Request for building public library at market area.,Neutral
Request for building public library at school zone.,Neutral
Request for building public library at school zone.,Neutral
Request for building public library at town.,Neutral
Request for bus stand crowding at main road.,Neutral
Request for bus stand crowding at main road.,Neutral
Request for bus stand crowding at market area.,Neutral
Request for bus stand crowding at market area.,Neutral
Request for bus stand crowding at school zone.,Neutral
Request for construction of bus stand at bus stand.,Neutral
Request for construction of bus stand at city.,Neutral
Request for construction of bus stand at highway.,Neutral
Request for construction of bus stand at market area.,Neutral
Request for construction of bus stand at school zone.,Neutral
Request for construction of bus stand at school zone.,Neutral
Request for construction of bus stand at school zone.,Neutral
Request for construction of bus stand at town.,Neutral
Request for electricity outage at main road.,Neutral
Request for electricity outage at market area.,Neutral
Request for electricity outage at residential colony.,Neutral
Request for electricity outage at school zone.,Neutral
Request for garbage pileup at bus stand.,Neutral
Request for garbage pileup at bus stand.,Neutral
Request for garbage pileup at city.,Neutral
Request for garbage pileup at main road.,Neutral
Request for garbage pileup at main road.,Neutral
Request for garbage pileup at market area.,Neutral
Request for garbage pileup at school zone.,Neutral
Request for garbage pileup at school zone.,Neutral
Request for hospital medicine shortage at city.,Neutral
Request for hospital medicine shortage at hospital area.,Neutral
Request for hospital medicine shortage at main road.,Neutral
Request for hospital medicine shortage at market area.,Neutral
Request for hospital medicine shortage at market area.,Neutral
Request for hospital medicine shortage at school zone.,Neutral
Request for hospital medicine shortage at school zone.,Neutral
Request for hospital medicine shortage at town.,Neutral
Request for hospital medicine shortage at town.,Neutral
Request for need new school at bus stand.,Neutral
Request for need new school at city.,Neutral
Request for need new school at highway.,Neutral
Request for need new school at highway.,Neutral
Request for need new school at market area.,Neutral
Request for need new school at school zone.,Neutral
Request for need new school at school zone.,Neutral
Request for need new school at town.,Neutral
Request for need new school at town.,Neutral
Request for need new school at village.,Neutral
Request for need overhead water tank at market area.,Neutral
Request for need overhead water tank at town.,Neutral
Request for need overhead water tank at town.,Neutral
Request for need overhead water tank at village.,Neutral
Request for public toilet maintenance at main road.,Neutral
Request for public toilet maintenance at main road.,Neutral
Request for public toilet maintenance at main road.,Neutral
Request for public toilet maintenance at market area.,Neutral
Request for public toilet maintenance at school zone.,Neutral
Request for public toilet maintenance at school zone.,Neutral
Request for public toilet maintenance at village.,Neutral
Request for school building damage at city.,Neutral
Request for school building damage at hospital area.,Neutral
Request for school building damage at hospital area.,Neutral
Request for school building damage at market area.,Neutral
Request for school building damage at residential colony.,Neutral
Request for sewage overflow at bus stand.,Neutral
Request for sewage overflow at city.,Neutral
Request for sewage overflow at market area.,Neutral
Request for sewage overflow at town.,Neutral
Request for sewage overflow at town.,Neutral
Request for sewage overflow at village.,Neutral
Request for solar street lights installation at bus stand.,Neutral
Request for solar street lights installation at hospital area.,Neutral
Request for solar street lights installation at hospital area.,Neutral
Request for solar street lights installation at village.,Neutral
Request for sports ground request at bus stand.,Neutral
Request for sports ground request at bus stand.,Neutral
Request for sports ground request at highway.,Neutral
Request for sports ground request at highway.,Neutral
Request for sports ground request at highway.,Neutral
Request for sports ground request at hospital area.,Neutral
Request for sports ground request at hospital area.,Neutral
Request for sports ground request at market area.,Neutral
Request for sports ground request at market area.,Neutral
Request for sports ground request at town.,Neutral
Request for sports ground request at town.,Neutral
Request for streetlight failure at highway.,Neutral
Request for streetlight failure at highway.,Neutral
Request for streetlight failure at main road.,Neutral
Request for streetlight failure at residential colony.,Neutral
Request for streetlight failure at school zone.,Neutral
Request for water supply shortage at city.,Neutral
Request for water supply shortage at highway.,Neutral
Request for water supply shortage at highway.,Neutral
Request for water supply shortage at highway.,Neutral
Request for water supply shortage at highway.,Neutral
Request for water supply shortage at hospital area.,Neutral
Request for water supply shortage at hospital area.,Neutral
Request for water supply shortage at market area.,Neutral
Request for water supply shortage at residential colony.,Neutral
Request for water supply shortage at school zone.,Neutral
Request for water supply shortage at town.,Neutral
Request for water supply shortage at village.,Neutral
Suggestion to resolve broken road in bus stand.,Neutral
Suggestion to resolve broken road in city.,Neutral
Suggestion to resolve broken road in city.,Neutral
Suggestion to resolve broken road in hospital area.,Neutral
Suggestion to resolve broken road in hospital area.,Neutral
Suggestion to resolve broken road in market area.,Neutral
Suggestion to resolve broken road in market area.,Neutral
Suggestion to resolve broken road in town.,Neutral
Suggestion to resolve broken road in village.,Neutral
Suggestion to resolve building public library in city.,Neutral
Suggestion to resolve building public library in highway.,Neutral
Suggestion to resolve building public library in hospital area.,Neutral
Suggestion to resolve building public library in hospital area.,Neutral
Suggestion to resolve building public library in main road.,Neutral
Suggestion to resolve building public library in village.,Neutral
Suggestion to resolve building public library in village.,Neutral
Suggestion to resolve bus stand crowding in city.,Neutral
Suggestion to resolve bus stand crowding in highway.,Neutral
Suggestion to resolve bus stand crowding in hospital area.,Neutral
Suggestion to resolve bus stand crowding in main road.,Neutral
Suggestion to resolve bus stand crowding in market area.,Neutral
Suggestion to resolve bus stand crowding in market area.,Neutral
Suggestion to resolve bus stand crowding in residential colony.,Neutral
Suggestion to resolve bus stand crowding in school zone.,Neutral
Suggestion to resolve bus stand crowding in school zone.,Neutral
Suggestion to resolve construction of bus stand in bus stand.,Neutral
Suggestion to resolve construction of bus stand in town.,Neutral
Suggestion to resolve construction of bus stand in village.,Neutral
Suggestion to resolve electricity outage in bus stand.,Neutral
Suggestion to resolve electricity outage in main road.,Neutral
Suggestion to resolve electricity outage in main road.,Neutral
Suggestion to resolve electricity outage in school zone.,Neutral
Suggestion to resolve electricity outage in town.,Neutral
Suggestion to resolve electricity outage in village.,Neutral
Suggestion to resolve garbage pileup in highway.,Neutral
Suggestion to resolve garbage pileup in hospital area.,Neutral
Suggestion to resolve garbage pileup in main road.,Neutral
Suggestion to resolve garbage pileup in main road.,Neutral
Suggestion to resolve garbage pileup in main road.,Neutral
Suggestion to resolve garbage pileup in market area.,Neutral
Suggestion to resolve garbage pileup in market area.,Neutral
Suggestion to resolve garbage pileup in school zone.,Neutral
Suggestion to resolve hospital medicine shortage in bus stand.,Neutral
Suggestion to resolve hospital medicine shortage in market area.,Neutral
Suggestion to resolve hospital medicine shortage in residential colony.,Neutral
Suggestion to resolve hospital medicine shortage in school zone.,Neutral
Suggestion to resolve hospital medicine shortage in village.,Neutral
Suggestion to resolve need new school in city.,Neutral
Suggestion to resolve need new school in hospital area.,Neutral
Suggestion to resolve need new school in hospital area.,Neutral
Suggestion to resolve need new school in hospital area.,Neutral
Suggestion to resolve need new school in main road.,Neutral
Suggestion to resolve need new school in school zone.,Neutral
Suggestion to resolve need new school in school zone.,Neutral
Suggestion to resolve need new school in school zone.,Neutral
Suggestion to resolve need new school in town.,Neutral
Suggestion to resolve need new school in village.,Neutral
Suggestion to resolve need overhead water tank in bus stand.,Neutral
Suggestion to resolve need overhead water tank in bus stand.,Neutral
Suggestion to resolve need overhead water tank in city.,Neutral
Suggestion to resolve need overhead water tank in highway.,Neutral
Suggestion to resolve need overhead water tank in highway.,Neutral
Suggestion to resolve need overhead water tank in hospital area.,Neutral
Suggestion to resolve need overhead water tank in hospital area.,Neutral
Suggestion to resolve need overhead water tank in market area.,Neutral
Suggestion to resolve need overhead water tank in residential colony.,Neutral
Suggestion to resolve need overhead water tank in school zone.,Neutral
Suggestion to resolve need overhead water tank in town.,Neutral
Suggestion to resolve need overhead water tank in town.,Neutral
Suggestion to resolve need overhead water tank in town.,Neutral
Suggestion to resolve need overhead water tank in village.,Neutral
Suggestion to resolve public toilet maintenance in bus stand.,Neutral
Suggestion to resolve public toilet maintenance in bus stand.,Neutral
Suggestion to resolve public toilet maintenance in city.,Neutral
Suggestion to resolve public toilet maintenance in main road.,Neutral
Suggestion to resolve public toilet maintenance in main road.,Neutral
Suggestion to resolve public toilet maintenance in village.,Neutral
Suggestion to resolve public toilet maintenance in village.,Neutral
Suggestion to resolve school building damage in bus stand.,Neutral
Suggestion to resolve school building damage in city.,Neutral
Suggestion to resolve school building damage in highway.,Neutral
Suggestion to resolve school building damage in highway.,Neutral
Suggestion to resolve school building damage in hospital area.,Neutral
Suggestion to resolve school building damage in market area.,Neutral
Suggestion to resolve school building damage in village.,Neutral
Suggestion to resolve school building damage in village.,Neutral
Suggestion to resolve sewage overflow in bus stand.,Neutral
Suggestion to resolve sewage overflow in highway.,Neutral
Suggestion to resolve sewage overflow in hospital area.,Neutral
Suggestion to resolve sewage overflow in hospital area.,Neutral
Suggestion to resolve sewage overflow in main road.,Neutral
Suggestion to resolve sewage overflow in market area.,Neutral
Suggestion to resolve sewage overflow in market area.,Neutral
Suggestion to resolve sewage overflow in school zone.,Neutral
Suggestion to resolve solar street lights installation in bus stand.,Neutral
Suggestion to resolve solar street lights installation in city.,Neutral
Suggestion to resolve solar street lights installation in highway.,Neutral
Suggestion to resolve solar street lights installation in highway.,Neutral
Suggestion to resolve solar street lights installation in highway.,Neutral
Suggestion to resolve solar street lights installation in hospital area.,Neutral
Suggestion to resolve solar street lights installation in market area.,Neutral
Suggestion to resolve solar street lights installation in school zone.,Neutral
Suggestion to resolve solar street lights installation in school zone.,Neutral
Suggestion to resolve solar street lights installation in town.,Neutral
Suggestion to resolve solar street lights installation in village.,Neutral
Suggestion to resolve sports ground request in bus stand.,Neutral
Suggestion to resolve sports ground request in bus stand.,Neutral
Suggestion to resolve sports ground request in city.,Neutral
Suggestion to resolve sports ground request in city.,Neutral
Suggestion to resolve sports ground request in highway.,Neutral
Suggestion to resolve sports ground request in highway.,Neutral
Suggestion to resolve sports ground request in hospital area.,Neutral
Suggestion to resolve sports ground request in main road.,Neutral
Suggestion to resolve sports ground request in market area.,Neutral
Suggestion to resolve sports ground request in market area.,Neutral
Suggestion to resolve sports ground request in village.,Neutral
Suggestion to resolve streetlight failure in city.,Neutral
Suggestion to resolve streetlight failure in city.,Neutral
Suggestion to resolve streetlight failure in highway.,Neutral
Suggestion to resolve streetlight failure in hospital area.,Neutral
Suggestion to resolve streetlight failure in hospital area.,Neutral
Suggestion to resolve streetlight failure in hospital area.,Neutral
Suggestion to resolve streetlight failure in hospital area.,Neutral
Suggestion to resolve streetlight failure in hospital area.,Neutral
Suggestion to resolve streetlight failure in market area.,Neutral
Suggestion to resolve streetlight failure in village.,Neutral
Suggestion to resolve water supply shortage in bus stand.,Neutral
Suggestion to resolve water supply shortage in city.,Neutral
Suggestion to resolve water supply shortage in hospital area.,Neutral
Suggestion to resolve water supply shortage in market area.,Neutral
Suggestion to resolve water supply shortage in residential colony.,Neutral
Suggestion to resolve water supply shortage in residential colony.,Neutral
Suggestion to resolve water supply shortage in school zone.,Neutral
Suggestion to resolve water supply shortage in town.,Neutral
Suggestion to resolve water supply shortage in town.,Neutral
Suggestion to resolve water supply shortage in village.,Neutral
Suggestion to resolve water supply shortage in village.,Neutral
broken road has created unsafe conditions in hospital area. Needs urgent fix.,Urgent
broken road has created unsafe conditions in residential colony. Needs urgent fix.,Urgent
broken road has created unsafe conditions in school zone. Needs urgent fix.,Urgent
broken road has created unsafe conditions in school zone. Needs urgent fix.,Urgent
building public library has created unsafe conditions in main road. Needs urgent fix.,Urgent
building public library has created unsafe conditions in residential colony. Needs urgent fix.,Urgent
building public library has created unsafe conditions in residential colony. Needs urgent fix.,Urgent
building public library has created unsafe conditions in school zone. Needs urgent fix.,Urgent
building public library has created unsafe conditions in town. Needs urgent fix.,Urgent
building public library has created unsafe conditions in town. Needs urgent fix.,Urgent
building public library has created unsafe conditions in village. Needs urgent fix.,Urgent
bus stand crowding has created unsafe conditions in city. Needs urgent fix.,Urgent
bus stand crowding has created unsafe conditions in highway. Needs urgent fix.,Urgent
bus stand crowding has created unsafe conditions in highway. Needs urgent fix.,Urgent
bus stand crowding has created unsafe conditions in hospital area. Needs urgent fix.,Urgent
bus stand crowding has created unsafe conditions in hospital area. Needs urgent fix.,Urgent
bus stand crowding has created unsafe conditions in main road. Needs urgent fix.,Urgent
bus stand crowding has created unsafe conditions in market area. Needs urgent fix.,Urgent
bus stand crowding has created unsafe conditions in market area. Needs urgent fix.,Urgent
bus stand crowding has created unsafe conditions in residential colony. Needs urgent fix.,Urgent
bus stand crowding has created unsafe conditions in residential colony. Needs urgent fix.,Urgent
bus stand crowding has created unsafe conditions in school zone. Needs urgent fix.,Urgent
bus stand crowding has created unsafe conditions in village. Needs urgent fix.,Urgent
bus stand crowding has created unsafe conditions in village. Needs urgent fix.,Urgent
construction of bus stand has created unsafe conditions in bus stand. Needs urgent fix.,Urgent
construction of bus stand has created unsafe conditions in bus stand. Needs urgent fix.,Urgent
construction of bus stand has created unsafe conditions in city. Needs urgent fix.,Urgent
construction of bus stand has created unsafe conditions in highway. Needs urgent fix.,Urgent
construction of bus stand has created unsafe conditions in highway. Needs urgent fix.,Urgent
construction of bus stand has created unsafe conditions in hospital area. Needs urgent fix.,Urgent
construction of bus stand has created unsafe conditions in main road. Needs urgent fix.,Urgent
construction of bus stand has created unsafe conditions in market area. Needs urgent fix.,Urgent
construction of bus stand has created unsafe conditions in village. Needs urgent fix.,Urgent
electricity outage has created unsafe conditions in bus stand. Needs urgent fix.,Urgent
electricity outage has created unsafe conditions in highway. Needs urgent fix.,Urgent
electricity outage has created unsafe conditions in highway. Needs urgent fix.,Urgent
electricity outage has created unsafe conditions in residential colony. Needs urgent fix.,Urgent
electricity outage has created unsafe conditions in town. Needs urgent fix.,Urgent
electricity outage has created unsafe conditions in village. Needs urgent fix.,Urgent
garbage pileup has created unsafe conditions in bus stand. Needs urgent fix.,Urgent
garbage pileup has created unsafe conditions in city. Needs urgent fix.,Urgent
garbage pileup has created unsafe conditions in highway. Needs urgent fix.,Urgent
garbage pileup has created unsafe conditions in main road. Needs urgent fix.,Urgent
garbage pileup has created unsafe conditions in main road. Needs urgent fix.,Urgent
garbage pileup has created unsafe conditions in main road. Needs urgent fix.,Urgent
garbage pileup has created unsafe conditions in market area. Needs urgent fix.,Urgent
garbage pileup has created unsafe conditions in market area. Needs urgent fix.,Urgent
garbage pileup has created unsafe conditions in residential colony. Needs urgent fix.,Urgent
garbage pileup has created unsafe conditions in school zone. Needs urgent fix.,Urgent
garbage pileup has created unsafe conditions in village. Needs urgent fix.,Urgent
garbage pileup has created unsafe conditions in village. Needs urgent fix.,Urgent
hospital medicine shortage has created unsafe conditions in market area. Needs urgent fix.,Urgent
hospital medicine shortage has created unsafe conditions in school zone. Needs urgent fix.,Urgent
hospital medicine shortage has created unsafe conditions in town. Needs urgent fix.,Urgent
hospital medicine shortage has created unsafe conditions in village. Needs urgent fix.,Urgent
Immediate action required: broken road in city.,Urgent
Immediate action required: broken road in city.,Urgent
Immediate action required: broken road in highway.,Urgent
Immediate action required: broken road in hospital area.,Urgent
Immediate action required: broken road in main road.,Urgent
Immediate action required: broken road in main road.,Urgent
Immediate action required: broken road in market area.,Urgent
Immediate action required: broken road in market area.,Urgent
Immediate action required: broken road in residential colony.,Urgent
Immediate action required: broken road in residential colony.,Urgent
Immediate action required: broken road in school zone.,Urgent
Immediate action required: broken road in town.,Urgent
Immediate action required: broken road in village.,Urgent
Immediate action required: building public library in hospital area.,Urgent
Immediate action required: building public library in hospital area.,Urgent
Immediate action required: building public library in village.,Urgent
Immediate action required: building public library in village.,Urgent
Immediate action required: bus stand crowding in bus stand.,Urgent
Immediate action required: bus stand crowding in city.,Urgent
Immediate action required: bus stand crowding in city.,Urgent
Immediate action required: bus stand crowding in main road.,Urgent
Immediate action required: bus stand crowding in main road.,Urgent
Immediate action required: bus stand crowding in residential colony.,Urgent
Immediate action required: bus stand crowding in school zone.,Urgent
Immediate action required: bus stand crowding in school zone.,Urgent
Immediate action required: bus stand crowding in village.,Urgent
Immediate action required: construction of bus stand in bus stand.,Urgent
Immediate action required: construction of bus stand in main road.,Urgent
Immediate action required: construction of bus stand in main road.,Urgent
Immediate action required: construction of bus stand in main road.,Urgent
Immediate action required: construction of bus stand in main road.,Urgent
Immediate action required: construction of bus stand in residential colony.,Urgent
Immediate action required: construction of bus stand in school zone.,Urgent
Immediate action required: construction of bus stand in town.,Urgent
Immediate action required: construction of bus stand in village.,Urgent
Immediate action required: construction of bus stand in village.,Urgent
Immediate action required: electricity outage in bus stand.,Urgent
Immediate action required: electricity outage in bus stand.,Urgent
Immediate action required: electricity outage in bus stand.,Urgent
Immediate action required: electricity outage in hospital area.,Urgent
Immediate action required: electricity outage in market area.,Urgent
Immediate action required: electricity outage in residential colony.,Urgent
Immediate action required: electricity outage in town.,Urgent
Immediate action required: electricity outage in town.,Urgent
Immediate action required: garbage pileup in bus stand.,Urgent
Immediate action required: garbage pileup in main road.,Urgent
Immediate action required: garbage pileup in market area.,Urgent
Immediate action required: garbage pileup in market area.,Urgent
Immediate action required: garbage pileup in residential colony.,Urgent
Immediate action required: garbage pileup in village.,Urgent
Immediate action required: hospital medicine shortage in bus stand.,Urgent
Immediate action required: hospital medicine shortage in city.,Urgent
Immediate action required: hospital medicine shortage in city.,Urgent
Immediate action required: hospital medicine shortage in main road.,Urgent
Immediate action required: hospital medicine shortage in market area.,Urgent
Immediate action required: hospital medicine shortage in residential colony.,Urgent
Immediate action required: hospital medicine shortage in school zone.,Urgent
Immediate action required: hospital medicine shortage in school zone.,Urgent
Immediate action required: need new school in bus stand.,Urgent
Immediate action required: need new school in city.,Urgent
Immediate action required: need new school in hospital area.,Urgent
Immediate action required: need new school in market area.,Urgent
Immediate action required: need new school in town.,Urgent
Immediate action required: need overhead water tank in city.,Urgent
Immediate action required: need overhead water tank in highway.,Urgent
Immediate action required: need overhead water tank in hospital area.,Urgent
Immediate action required: need overhead water tank in market area.,Urgent
Immediate action required: need overhead water tank in school zone.,Urgent
Immediate action required: need overhead water tank in school zone.,Urgent
Immediate action required: need overhead water tank in village.,Urgent
Immediate action required: need overhead water tank in village.,Urgent
Immediate action required: public toilet maintenance in bus stand.,Urgent
Immediate action required: public toilet maintenance in city.,Urgent
Immediate action required: public toilet maintenance in highway.,Urgent
Immediate action required: public toilet maintenance in hospital area.,Urgent
Immediate action required: public toilet maintenance in main road.,Urgent
Immediate action required: public toilet maintenance in market area.,Urgent
Immediate action required: public toilet maintenance in school zone.,Urgent
Immediate action required: public toilet maintenance in school zone.,Urgent
Immediate action required: public toilet maintenance in school zone.,Urgent
Immediate action required: public toilet maintenance in village.,Urgent
Immediate action required: school building damage in highway.,Urgent
Immediate action required: school building damage in highway.,Urgent
Immediate action required: school building damage in main road.,Urgent
Immediate action required: school building damage in residential colony.,Urgent
Immediate action required: school building damage in town.,Urgent
Immediate action required: school building damage in town.,Urgent
Immediate action required: sewage overflow in bus stand.,Urgent
Immediate action required: sewage overflow in city.,Urgent
Immediate action required: sewage overflow in highway.,Urgent
Immediate action required: sewage overflow in hospital area.,Urgent
Immediate action required: sewage overflow in main road.,Urgent
Immediate action required: sewage overflow in main road.,Urgent
Immediate action required: sewage overflow in residential colony.,Urgent
Immediate action required: sewage overflow in school zone.,Urgent
Immediate action required: sewage overflow in town.,Urgent
Immediate action required: sewage overflow in village.,Urgent
Immediate action required: solar street lights installation in bus stand.,Urgent
Immediate action required: solar street lights installation in city.,Urgent
Immediate action required: solar street lights installation in market area.,Urgent
Immediate action required: solar street lights installation in market area.,Urgent
Immediate action required: solar street lights installation in residential colony.,Urgent
Immediate action required: solar street lights installation in residential colony.,Urgent
Immediate action required: solar street lights installation in residential colony.,Urgent
Immediate action required: solar street lights installation in residential colony.,Urgent
Immediate action required: solar street lights installation in school zone.,Urgent
Immediate action required: solar street lights installation in town.,Urgent
Immediate action required: solar street lights installation in town.,Urgent
Immediate action required: solar street lights installation in village.,Urgent
Immediate action required: solar street lights installation in village.,Urgent
Immediate action required: sports ground request in bus stand.,Urgent
Immediate action required: sports ground request in highway.,Urgent
Immediate action required: sports ground request in highway.,Urgent
Immediate action required: sports ground request in hospital area.,Urgent
Immediate action required: sports ground request in residential colony.,Urgent
Immediate action required: sports ground request in school zone.,Urgent
Immediate action required: sports ground request in school zone.,Urgent
Immediate action required: sports ground request in town.,Urgent
Immediate action required: streetlight failure in bus stand.,Urgent
Immediate action required: streetlight failure in highway.,Urgent
Immediate action required: streetlight failure in hospital area.,Urgent
Immediate action required: streetlight failure in hospital area.,Urgent
Immediate action required: streetlight failure in market area.,Urgent
Immediate action required: streetlight failure in residential colony.,Urgent
Immediate action required: streetlight failure in residential colony.,Urgent
Immediate action required: streetlight failure in school zone.,Urgent
Immediate action required: streetlight failure in school zone.,Urgent
Immediate action required: streetlight failure in village.,Urgent
Immediate action required: water supply shortage in market area.,Urgent
Immediate action required: water supply shortage in market area.,Urgent
Immediate action required: water supply shortage in residential colony.,Urgent
Immediate action required: water supply shortage in school zone.,Urgent
Immediate action required: water supply shortage in school zone.,Urgent
Immediate action required: water supply shortage in school zone.,Urgent
Immediate action required: water supply shortage in town.,Urgent
Immediate action required: water supply shortage in village.,Urgent
Immediate action required: water supply shortage in village.,Urgent
need new school has created unsafe conditions in bus stand. Needs urgent fix.,Urgent
need new school has created unsafe conditions in city. Needs urgent fix.,Urgent
need new school has created unsafe conditions in main road. Needs urgent fix.,Urgent
need new school has created unsafe conditions in village. Needs urgent fix.,Urgent
need overhead water tank has created unsafe conditions in city. Needs urgent fix.,Urgent
need overhead water tank has created unsafe conditions in city. Needs urgent fix.,Urgent
need overhead water tank has created unsafe conditions in city. Needs urgent fix.,Urgent
need overhead water tank has created unsafe conditions in city. Needs urgent fix.,Urgent
need overhead water tank has created unsafe conditions in market area. Needs urgent fix.,Urgent
need overhead water tank has created unsafe conditions in school zone. Needs urgent fix.,Urgent
Public facing severe issues due to broken road. Request urgent solution.,Urgent
Public facing severe issues due to broken road. Request urgent solution.,Urgent
Public facing severe issues due to broken road. Request urgent solution.,Urgent
Public facing severe issues due to broken road. Request urgent solution.,Urgent
Public facing severe issues due to broken road. Request urgent solution.,Urgent
Public facing severe issues due to broken road. Request urgent solution.,Urgent
Public facing severe issues due to broken road. Request urgent solution.,Urgent
Public facing severe issues due to broken road. Request urgent solution.,Urgent
Public facing severe issues due to broken road. Request urgent solution.,Urgent
Public facing severe issues due to building public library. Request urgent solution.,Urgent
Public facing severe issues due to building public library. Request urgent solution.,Urgent
Public facing severe issues due to building public library. Request urgent solution.,Urgent
Public facing severe issues due to building public library. Request urgent solution.,Urgent
Public facing severe issues due to building public library. Request urgent solution.,Urgent
Public facing severe issues due to building public library. Request urgent solution.,Urgent
Public facing severe issues due to building public library. Request urgent solution.,Urgent
Public facing severe issues due to building public library. Request urgent solution.,Urgent
Public facing severe issues due to building public library. Request urgent solution.,Urgent
Public facing severe issues due to building public library. Request urgent solution.,Urgent
Public facing severe issues due to building public library. Request urgent solution.,Urgent
Public facing severe issues due to bus stand crowding. Request urgent solution.,Urgent
Public facing severe issues due to bus stand crowding. Request urgent solution.,Urgent
Public facing severe issues due to bus stand crowding. Request urgent solution.,Urgent
Public facing severe issues due to bus stand crowding. Request urgent solution.,Urgent
Public facing severe issues due to bus stand crowding. Request urgent solution.,Urgent
Public facing severe issues due to bus stand crowding. Request urgent solution.,Urgent
Public facing severe issues due to bus stand crowding. Request urgent solution.,Urgent
Public facing severe issues due to bus stand crowding. Request urgent solution.,Urgent
Public facing severe issues due to bus stand crowding. Request urgent solution.,Urgent
Public facing severe issues due to bus stand crowding. Request urgent solution.,Urgent
Public facing severe issues due to bus stand crowding. Request urgent solution.,Urgent
Public facing severe issues due to construction of bus stand. Request urgent solution.,Urgent
Public facing severe issues due to construction of bus stand. Request urgent solution.,Urgent
Public facing severe issues due to construction of bus stand. Request urgent solution.,Urgent
Public facing severe issues due to construction of bus stand. Request urgent solution.,Urgent
Public facing severe issues due to construction of bus stand. Request urgent solution.,Urgent
Public facing severe issues due to construction of bus stand. Request urgent solution.,Urgent
Public facing severe issues due to construction of bus stand. Request urgent solution.,Urgent
Public facing severe issues due to construction of bus stand. Request urgent solution.,Urgent
Public facing severe issues due to construction of bus stand. Request urgent solution.,Urgent
Public facing severe issues due to construction of bus stand. Request urgent solution.,Urgent
Public facing severe issues due to construction of bus stand. Request urgent solution.,Urgent
Public facing severe issues due to electricity outage. Request urgent solution.,Urgent
Public facing severe issues due to electricity outage. Request urgent solution.,Urgent
Public facing severe issues due to electricity outage. Request urgent solution.,Urgent
Public facing severe issues due to electricity outage. Request urgent solution.,Urgent
Public facing severe issues due to electricity outage. Request urgent solution.,Urgent
Public facing severe issues due to electricity outage. Request urgent solution.,Urgent
Public facing severe issues due to garbage pileup. Request urgent solution.,Urgent
Public facing severe issues due to garbage pileup. Request urgent solution.,Urgent
Public facing severe issues due to garbage pileup. Request urgent solution.,Urgent
Public facing severe issues due to garbage pileup. Request urgent solution.,Urgent
Public facing severe issues due to garbage pileup. Request urgent solution.,Urgent
Public facing severe issues due to garbage pileup. Request urgent solution.,Urgent
Public facing severe issues due to garbage pileup. Request urgent solution.,Urgent
Public facing severe issues due to garbage pileup. Request urgent solution.,Urgent
Public facing severe issues due to garbage pileup. Request urgent solution.,Urgent
Public facing severe issues due to hospital medicine shortage. Request urgent solution.,Urgent
Public facing severe issues due to hospital medicine shortage. Request urgent solution.,Urgent
Public facing severe issues due to hospital medicine shortage. Request urgent solution.,Urgent
Public facing severe issues due to hospital medicine shortage. Request urgent solution.,Urgent
Public facing severe issues due to hospital medicine shortage. Request urgent solution.,Urgent
Public facing severe issues due to hospital medicine shortage. Request urgent solution.,Urgent
Public facing severe issues due to hospital medicine shortage. Request urgent solution.,Urgent
Public facing severe issues due to hospital medicine shortage. Request urgent solution.,Urgent
Public facing severe issues due to hospital medicine shortage. Request urgent solution.,Urgent
Public facing severe issues due to hospital medicine shortage. Request urgent solution.,Urgent
Public facing severe issues due to hospital medicine shortage. Request urgent solution.,Urgent
Public facing severe issues due to need new school. Request urgent solution.,Urgent
Public facing severe issues due to need new school. Request urgent solution.,Urgent
Public facing severe issues due to need new school. Request urgent solution.,Urgent
Public facing severe issues due to need new school. Request urgent solution.,Urgent
Public facing severe issues due to need new school. Request urgent solution.,Urgent
Public facing severe issues due to need new school. Request urgent solution.,Urgent
Public facing severe issues due to need new school. Request urgent solution.,Urgent
Public facing severe issues due to need new school. Request urgent solution.,Urgent
Public facing severe issues due to need new school. Request urgent solution.,Urgent
Public facing severe issues due to need new school. Request urgent solution.,Urgent
Public facing severe issues due to need overhead water tank. Request urgent solution.,Urgent
Public facing severe issues due to need overhead water tank. Request urgent solution.,Urgent
Public facing severe issues due to need overhead water tank. Request urgent solution.,Urgent
Public facing severe issues due to need overhead water tank. Request urgent solution.,Urgent
Public facing severe issues due to need overhead water tank. Request urgent solution.,Urgent
Public facing severe issues due to need overhead water tank. Request urgent solution.,Urgent
Public facing severe issues due to need overhead water tank. Request urgent solution.,Urgent
Public facing severe issues due to need overhead water tank. Request urgent solution.,Urgent
Public facing severe issues due to public toilet maintenance. Request urgent solution.,Urgent
Public facing severe issues due to public toilet maintenance. Request urgent solution.,Urgent
Public facing severe issues due to public toilet maintenance. Request urgent solution.,Urgent
Public facing severe issues due to public toilet maintenance. Request urgent solution.,Urgent
Public facing severe issues due to public toilet maintenance. Request urgent solution.,Urgent
Public facing severe issues due to public toilet maintenance. Request urgent solution.,Urgent
Public facing severe issues due to public toilet maintenance. Request urgent solution.,Urgent
Public facing severe issues due to public toilet maintenance. Request urgent solution.,Urgent
Public facing severe issues due to public toilet maintenance. Request urgent solution.,Urgent
Public facing severe issues due to public toilet maintenance. Request urgent solution.,Urgent
Public facing severe issues due to public toilet maintenance. Request urgent solution.,Urgent
Public facing severe issues due to public toilet maintenance. Request urgent solution.,Urgent
Public facing severe issues due to public toilet maintenance. Request urgent solution.,Urgent
Public facing severe issues due to public toilet maintenance. Request urgent solution.,Urgent
Public facing severe issues due to public toilet maintenance. Request urgent solution.,Urgent
Public facing severe issues due to school building damage. Request urgent solution.,Urgent
Public facing severe issues due to school building damage. Request urgent solution.,Urgent
Public facing severe issues due to school building damage. Request urgent solution.,Urgent
Public facing severe issues due to school building damage. Request urgent solution.,Urgent
Public facing severe issues due to school building damage. Request urgent solution.,Urgent
Public facing severe issues due to school building damage. Request urgent solution.,Urgent
Public facing severe issues due to school building damage. Request urgent solution.,Urgent
Public facing severe issues due to school building damage. Request urgent solution.,Urgent
Public facing severe issues due to sewage overflow. Request urgent solution.,Urgent
Public facing severe issues due to sewage overflow. Request urgent solution.,Urgent
Public facing severe issues due to sewage overflow. Request urgent solution.,Urgent
Public facing severe issues due to sewage overflow. Request urgent solution.,Urgent
Public facing severe issues due to sewage overflow. Request urgent solution.,Urgent
Public facing severe issues due to sewage overflow. Request urgent solution.,Urgent
Public facing severe issues due to sewage overflow. Request urgent solution.,Urgent
Public facing severe issues due to sewage overflow. Request urgent solution.,Urgent
Public facing severe issues due to sewage overflow. Request urgent solution.,Urgent
Public facing severe issues due to sewage overflow. Request urgent solution.,Urgent
Public facing severe issues due to sewage overflow. Request urgent solution.,Urgent
Public facing severe issues due to solar street lights installation. Request urgent solution.,Urgent
Public facing severe issues due to solar street lights installation. Request urgent solution.,Urgent
Public facing severe issues due to solar street lights installation. Request urgent solution.,Urgent
Public facing severe issues due to solar street lights installation. Request urgent solution.,Urgent
Public facing severe issues due to solar street lights installation. Request urgent solution.,Urgent
Public facing severe issues due to solar street lights installation. Request urgent solution.,Urgent
Public facing severe issues due to solar street lights installation. Request urgent solution.,Urgent
Public facing severe issues due to solar street lights installation. Request urgent solution.,Urgent
Public facing severe issues due to solar street lights installation. Request urgent solution.,Urgent
Public facing severe issues due to solar street lights installation. Request urgent solution.,Urgent
Public facing severe issues due to solar street lights installation. Request urgent solution.,Urgent
Public facing severe issues due to solar street lights installation. Request urgent solution.,Urgent
Public facing severe issues due to sports ground request. Request urgent solution.,Urgent
Public facing severe issues due to sports ground request. Request urgent solution.,Urgent
Public facing severe issues due to sports ground request. Request urgent solution.,Urgent
Public facing severe issues due to sports ground request. Request urgent solution.,Urgent
Public facing severe issues due to sports ground request. Request urgent solution.,Urgent
Public facing severe issues due to sports ground request. Request urgent solution.,Urgent
Public facing severe issues due to streetlight failure. Request urgent solution.,Urgent
Public facing severe issues due to streetlight failure. Request urgent solution.,Urgent
Public facing severe issues due to streetlight failure. Request urgent solution.,Urgent
Public facing severe issues due to streetlight failure. Request urgent solution.,Urgent
Public facing severe issues due to streetlight failure. Request urgent solution.,Urgent
Public facing severe issues due to streetlight failure. Request urgent solution.,Urgent
Public facing severe issues due to streetlight failure. Request urgent solution.,Urgent
Public facing severe issues due to streetlight failure. Request urgent solution.,Urgent
Public facing severe issues due to streetlight failure. Request urgent solution.,Urgent
Public facing severe issues due to water supply shortage. Request urgent solution.,Urgent
Public facing severe issues due to water supply shortage. Request urgent solution.,Urgent
Public facing severe issues due to water supply shortage. Request urgent solution.,Urgent
Public facing severe issues due to water supply shortage. Request urgent solution.,Urgent
Public facing severe issues due to water supply shortage. Request urgent solution.,Urgent
Public facing severe issues due to water supply shortage. Request urgent solution.,Urgent
Public facing severe issues due to water supply shortage. Request urgent solution.,Urgent
Public facing severe issues due to water supply shortage. Request urgent solution.,Urgent
Public facing severe issues due to water supply shortage. Request urgent solution.,Urgent
Public facing severe issues due to water supply shortage. Request urgent solution.,Urgent
Public facing severe issues due to water supply shortage. Request urgent solution.,Urgent
Public facing severe issues due to water supply shortage. Request urgent solution.,Urgent
Public facing severe issues due to water supply shortage. Request urgent solution.,Urgent
public toilet maintenance has created unsafe conditions in bus stand. Needs urgent fix.,Urgent
public toilet maintenance has created unsafe conditions in city. Needs urgent fix.,Urgent
public toilet maintenance has created unsafe conditions in hospital area. Needs urgent fix.,Urgent
public toilet maintenance has created unsafe conditions in residential colony. Needs urgent fix.,Urgent
public toilet maintenance has created unsafe conditions in school zone. Needs urgent fix.,Urgent
school building damage has created unsafe conditions in city. Needs urgent fix.,Urgent
school building damage has created unsafe conditions in city. Needs urgent fix.,Urgent
school building damage has created unsafe conditions in highway. Needs urgent fix.,Urgent
school building damage has created unsafe conditions in hospital area. Needs urgent fix.,Urgent
school building damage has created unsafe conditions in main road. Needs urgent fix.,Urgent
school building damage has created unsafe conditions in main road. Needs urgent fix.,Urgent
school building damage has created unsafe conditions in market area. Needs urgent fix.,Urgent
school building damage has created unsafe conditions in residential colony. Needs urgent fix.,Urgent
school building damage has created unsafe conditions in school zone. Needs urgent fix.,Urgent
school building damage has created unsafe conditions in town. Needs urgent fix.,Urgent
school building damage has created unsafe conditions in town. Needs urgent fix.,Urgent
"Serious problem of broken road in city, kindly resolve immediately.",Urgent
"Serious problem of broken road in city, kindly resolve immediately.",Urgent
"Serious problem of broken road in highway, kindly resolve immediately.",Urgent
"Serious problem of broken road in hospital area, kindly resolve immediately.",Urgent
"Serious problem of broken road in main road, kindly resolve immediately.",Urgent
"Serious problem of broken road in main road, kindly resolve immediately.",Urgent
"Serious problem of broken road in market area, kindly resolve immediately.",Urgent
"Serious problem of broken road in residential colony, kindly resolve immediately.",Urgent
"Serious problem of broken road in village, kindly resolve immediately.",Urgent
"Serious problem of building public library in city, kindly resolve immediately.",Urgent
"Serious problem of building public library in highway, kindly resolve immediately.",Urgent
"Serious problem of building public library in hospital area, kindly resolve immediately.",Urgent
"Serious problem of building public library in market area, kindly resolve immediately.",Urgent
"Serious problem of building public library in residential colony, kindly resolve immediately.",Urgent
"Serious problem of building public library in school zone, kindly resolve immediately.",Urgent
"Serious problem of building public library in town, kindly resolve immediately.",Urgent
"Serious problem of building public library in village, kindly resolve immediately.",Urgent
"Serious problem of bus stand crowding in highway, kindly resolve immediately.",Urgent
"Serious problem of bus stand crowding in highway, kindly resolve immediately.",Urgent
"Serious problem of bus stand crowding in market area, kindly resolve immediately.",Urgent
"Serious problem of bus stand crowding in town, kindly resolve immediately.",Urgent
"Serious problem of construction of bus stand in highway, kindly resolve immediately.",Urgent
"Serious problem of construction of bus stand in hospital area, kindly resolve immediately.",Urgent
"Serious problem of construction of bus stand in main road, kindly resolve immediately.",Urgent
"Serious problem of construction of bus stand in main road, kindly resolve immediately.",Urgent
"Serious problem of construction of bus stand in school zone, kindly resolve immediately.",Urgent
"Serious problem of construction of bus stand in school zone, kindly resolve immediately.",Urgent
"Serious problem of construction of bus stand in town, kindly resolve immediately.",Urgent
"Serious problem of construction of bus stand in village, kindly resolve immediately.",Urgent
"Serious problem of electricity outage in bus stand, kindly resolve immediately.",Urgent
"Serious problem of electricity outage in highway, kindly resolve immediately.",Urgent
"Serious problem of electricity outage in hospital area, kindly resolve immediately.",Urgent
"Serious problem of electricity outage in market area, kindly resolve immediately.",Urgent
"Serious problem of electricity outage in residential colony, kindly resolve immediately.",Urgent
"Serious problem of electricity outage in school zone, kindly resolve immediately.",Urgent
"Serious problem of electricity outage in town, kindly resolve immediately.",Urgent
"Serious problem of electricity outage in town, kindly resolve immediately.",Urgent
"Serious problem of electricity outage in town, kindly resolve immediately.",Urgent
"Serious problem of electricity outage in village, kindly resolve immediately.",Urgent
"Serious problem of electricity outage in village, kindly resolve immediately.",Urgent
"Serious problem of electricity outage in village, kindly resolve immediately.",Urgent
"Serious problem of garbage pileup in bus stand, kindly resolve immediately.",Urgent
"Serious problem of garbage pileup in bus stand, kindly resolve immediately.",Urgent
"Serious problem of garbage pileup in city, kindly resolve immediately.",Urgent
"Serious problem of garbage pileup in main road, kindly resolve immediately.",Urgent
"Serious problem of garbage pileup in main road, kindly resolve immediately.",Urgent
"Serious problem of garbage pileup in market area, kindly resolve immediately.",Urgent
"Serious problem of garbage pileup in residential colony, kindly resolve immediately.",Urgent
"Serious problem of hospital medicine shortage in city, kindly resolve immediately.",Urgent
"Serious problem of hospital medicine shortage in city, kindly resolve immediately.",Urgent
"Serious problem of hospital medicine shortage in highway, kindly resolve immediately.",Urgent
"Serious problem of hospital medicine shortage in highway, kindly resolve immediately.",Urgent
"Serious problem of hospital medicine shortage in main road, kindly resolve immediately.",Urgent
"Serious problem of hospital medicine shortage in main road, kindly resolve immediately.",Urgent
"Serious problem of hospital medicine shortage in residential colony, kindly resolve immediately.",Urgent
"Serious problem of hospital medicine shortage in school zone, kindly resolve immediately.",Urgent
"Serious problem of hospital medicine shortage in school zone, kindly resolve immediately.",Urgent
"Serious problem of need new school in bus stand, kindly resolve immediately.",Urgent
"Serious problem of need new school in hospital area, kindly resolve immediately.",Urgent
"Serious problem of need new school in hospital area, kindly resolve immediately.",Urgent
"Serious problem of need new school in market area, kindly resolve immediately.",Urgent
"Serious problem of need new school in school zone, kindly resolve immediately.",Urgent
"Serious problem of need new school in school zone, kindly resolve immediately.",Urgent
"Serious problem of need new school in town, kindly resolve immediately.",Urgent
"Serious problem of need new school in village, kindly resolve immediately.",Urgent
"Serious problem of need overhead water tank in highway, kindly resolve immediately.",Urgent
"Serious problem of need overhead water tank in highway, kindly resolve immediately.",Urgent
"Serious problem of need overhead water tank in hospital area, kindly resolve immediately.",Urgent
"Serious problem of need overhead water tank in hospital area, kindly resolve immediately.",Urgent
"Serious problem of need overhead water tank in hospital area, kindly resolve immediately.",Urgent
"Serious problem of need overhead water tank in main road, kindly resolve immediately.",Urgent
"Serious problem of need overhead water tank in market area, kindly resolve immediately.",Urgent
"Serious problem of need overhead water tank in school zone, kindly resolve immediately.",Urgent
"Serious problem of need overhead water tank in town, kindly resolve immediately.",Urgent
"Serious problem of need overhead water tank in town, kindly resolve immediately.",Urgent
"Serious problem of need overhead water tank in village, kindly resolve immediately.",Urgent
"Serious problem of public toilet maintenance in bus stand, kindly resolve immediately.",Urgent
"Serious problem of public toilet maintenance in city, kindly resolve immediately.",Urgent
"Serious problem of public toilet maintenance in hospital area, kindly resolve immediately.",Urgent
"Serious problem of public toilet maintenance in hospital area, kindly resolve immediately.",Urgent
"Serious problem of public toilet maintenance in main road, kindly resolve immediately.",Urgent
"Serious problem of public toilet maintenance in market area, kindly resolve immediately.",Urgent
"Serious problem of public toilet maintenance in market area, kindly resolve immediately.",Urgent
"Serious problem of public toilet maintenance in town, kindly resolve immediately.",Urgent
"Serious problem of public toilet maintenance in town, kindly resolve immediately.",Urgent
"Serious problem of school building damage in market area, kindly resolve immediately.",Urgent
"Serious problem of school building damage in town, kindly resolve immediately.",Urgent
"Serious problem of sewage overflow in market area, kindly resolve immediately.",Urgent
"Serious problem of sewage overflow in residential colony, kindly resolve immediately.",Urgent
"Serious problem of sewage overflow in school zone, kindly resolve immediately.",Urgent
"Serious problem of sewage overflow in town, kindly resolve immediately.",Urgent
"Serious problem of sewage overflow in town, kindly resolve immediately.",Urgent
"Serious problem of sewage overflow in village, kindly resolve immediately.",Urgent
"Serious problem of solar street lights installation in bus stand, kindly resolve immediately.",Urgent
"Serious problem of solar street lights installation in bus stand, kindly resolve immediately.",Urgent
"Serious problem of solar street lights installation in highway, kindly resolve immediately.",Urgent
"Serious problem of solar street lights installation in highway, kindly resolve immediately.",Urgent
"Serious problem of solar street lights installation in main road, kindly resolve immediately.",Urgent
"Serious problem of solar street lights installation in market area, kindly resolve immediately.",Urgent
"Serious problem of solar street lights installation in market area, kindly resolve immediately.",Urgent
"Serious problem of solar street lights installation in market area, kindly resolve immediately.",Urgent
"Serious problem of solar street lights installation in residential colony, kindly resolve immediately.",Urgent
"Serious problem of solar street lights installation in residential colony, kindly resolve immediately.",Urgent
"Serious problem of sports ground request in city, kindly resolve immediately.",Urgent
"Serious problem of sports ground request in hospital area, kindly resolve immediately.",Urgent
"Serious problem of sports ground request in hospital area, kindly resolve immediately.",Urgent
"Serious problem of sports ground request in main road, kindly resolve immediately.",Urgent
"Serious problem of sports ground request in market area, kindly resolve immediately.",Urgent
"Serious problem of sports ground request in school zone, kindly resolve immediately.",Urgent
"Serious problem of sports ground request in town, kindly resolve immediately.",Urgent
"Serious problem of sports ground request in town, kindly resolve immediately.",Urgent
"Serious problem of sports ground request in town, kindly resolve immediately.",Urgent
"Serious problem of sports ground request in town, kindly resolve immediately.",Urgent
"Serious problem of streetlight failure in city, kindly resolve immediately.",Urgent
"Serious problem of streetlight failure in hospital area, kindly resolve immediately.",Urgent
"Serious problem of streetlight failure in main road, kindly resolve immediately.",Urgent
"Serious problem of streetlight failure in main road, kindly resolve immediately.",Urgent
"Serious problem of streetlight failure in main road, kindly resolve immediately.",Urgent
"Serious problem of streetlight failure in residential colony, kindly resolve immediately.",Urgent
"Serious problem of streetlight failure in school zone, kindly resolve immediately.",Urgent
"Serious problem of water supply shortage in bus stand, kindly resolve immediately.",Urgent
"Serious problem of water supply shortage in city, kindly resolve immediately.",Urgent
"Serious problem of water supply shortage in main road, kindly resolve immediately.",Urgent
"Serious problem of water supply shortage in school zone, kindly resolve immediately.",Urgent
"Serious problem of water supply shortage in village, kindly resolve immediately.",Urgent
"Serious problem of water supply shortage in village, kindly resolve immediately.",Urgent
"Serious problem of water supply shortage in village, kindly resolve immediately.",Urgent
sewage overflow has created unsafe conditions in bus stand. Needs urgent fix.,Urgent
sewage overflow has created unsafe conditions in city. Needs urgent fix.,Urgent
sewage overflow has created unsafe conditions in hospital area. Needs urgent fix.,Urgent
sewage overflow has created unsafe conditions in main road. Needs urgent fix.,Urgent
sewage overflow has created unsafe conditions in market area. Needs urgent fix.,Urgent
sewage overflow has created unsafe conditions in town. Needs urgent fix.,Urgent
sewage overflow has created unsafe conditions in town. Needs urgent fix.,Urgent
sewage overflow has created unsafe conditions in village. Needs urgent fix.,Urgent
solar street lights installation has created unsafe conditions in bus stand. Needs urgent fix.,Urgent
solar street lights installation has created unsafe conditions in bus stand. Needs urgent fix.,Urgent
solar street lights installation has created unsafe conditions in city. Needs urgent fix.,Urgent
solar street lights installation has created unsafe conditions in highway. Needs urgent fix.,Urgent
solar street lights installation has created unsafe conditions in highway. Needs urgent fix.,Urgent
solar street lights installation has created unsafe conditions in main road. Needs urgent fix.,Urgent
solar street lights installation has created unsafe conditions in main road. Needs urgent fix.,Urgent
solar street lights installation has created unsafe conditions in market area. Needs urgent fix.,Urgent
solar street lights installation has created unsafe conditions in residential colony. Needs urgent fix.,Urgent
solar street lights installation has created unsafe conditions in residential colony. Needs urgent fix.,Urgent
solar street lights installation has created unsafe conditions in residential colony. Needs urgent fix.,Urgent
solar street lights installation has created unsafe conditions in residential colony. Needs urgent fix.,Urgent
solar street lights installation has created unsafe conditions in residential colony. Needs urgent fix.,Urgent
solar street lights installation has created unsafe conditions in school zone. Needs urgent fix.,Urgent
solar street lights installation has created unsafe conditions in school zone. Needs urgent fix.,Urgent
solar street lights installation has created unsafe conditions in school zone. Needs urgent fix.,Urgent
sports ground request has created unsafe conditions in highway. Needs urgent fix.,Urgent
sports ground request has created unsafe conditions in highway. Needs urgent fix.,Urgent
sports ground request has created unsafe conditions in market area. Needs urgent fix.,Urgent
sports ground request has created unsafe conditions in market area. Needs urgent fix.,Urgent
sports ground request has created unsafe conditions in market area. Needs urgent fix.,Urgent
sports ground request has created unsafe conditions in residential colony. Needs urgent fix.,Urgent
sports ground request has created unsafe conditions in school zone. Needs urgent fix.,Urgent
streetlight failure has created unsafe conditions in hospital area. Needs urgent fix.,Urgent
streetlight failure has created unsafe conditions in main road. Needs urgent fix.,Urgent
streetlight failure has created unsafe conditions in town. Needs urgent fix.,Urgent
Urgent complaint regarding broken road. Needs quick attention at bus stand.,Urgent
Urgent complaint regarding broken road. Needs quick attention at hospital area.,Urgent
Urgent complaint regarding broken road. Needs quick attention at main road.,Urgent
Urgent complaint regarding broken road. Needs quick attention at residential colony.,Urgent
Urgent complaint regarding broken road. Needs quick attention at residential colony.,Urgent
Urgent complaint regarding broken road. Needs quick attention at residential colony.,Urgent
Urgent complaint regarding broken road. Needs quick attention at school zone.,Urgent
Urgent complaint regarding broken road. Needs quick attention at town.,Urgent
Urgent complaint regarding building public library. Needs quick attention at bus stand.,Urgent
Urgent complaint regarding building public library. Needs quick attention at bus stand.,Urgent
Urgent complaint regarding building public library. Needs quick attention at highway.,Urgent
Urgent complaint regarding building public library. Needs quick attention at highway.,Urgent
Urgent complaint regarding building public library. Needs quick attention at highway.,Urgent
Urgent complaint regarding building public library. Needs quick attention at hospital area.,Urgent
Urgent complaint regarding building public library. Needs quick attention at main road.,Urgent
Urgent complaint regarding building public library. Needs quick attention at town.,Urgent
Urgent complaint regarding building public library. Needs quick attention at town.,Urgent
Urgent complaint regarding building public library. Needs quick attention at town.,Urgent
Urgent complaint regarding building public library. Needs quick attention at town.,Urgent
Urgent complaint regarding building public library. Needs quick attention at village.,Urgent
Urgent complaint regarding building public library. Needs quick attention at village.,Urgent
Urgent complaint regarding bus stand crowding. Needs quick attention at city.,Urgent
Urgent complaint regarding bus stand crowding. Needs quick attention at highway.,Urgent
Urgent complaint regarding bus stand crowding. Needs quick attention at highway.,Urgent
Urgent complaint regarding bus stand crowding. Needs quick attention at hospital area.,Urgent
Urgent complaint regarding bus stand crowding. Needs quick attention at hospital area.,Urgent
Urgent complaint regarding bus stand crowding. Needs quick attention at hospital area.,Urgent
Urgent complaint regarding bus stand crowding. Needs quick attention at main road.,Urgent
Urgent complaint regarding bus stand crowding. Needs quick attention at school zone.,Urgent
Urgent complaint regarding bus stand crowding. Needs quick attention at town.,Urgent
Urgent complaint regarding bus stand crowding. Needs quick attention at town.,Urgent
Urgent complaint regarding bus stand crowding. Needs quick attention at town.,Urgent
Urgent complaint regarding construction of bus stand. Needs quick attention at bus stand.,Urgent
Urgent complaint regarding construction of bus stand. Needs quick attention at city.,Urgent
Urgent complaint regarding construction of bus stand. Needs quick attention at hospital area.,Urgent
Urgent complaint regarding construction of bus stand. Needs quick attention at main road.,Urgent
Urgent complaint regarding construction of bus stand. Needs quick attention at market area.,Urgent
Urgent complaint regarding construction of bus stand. Needs quick attention at market area.,Urgent
Urgent complaint regarding construction of bus stand. Needs quick attention at market area.,Urgent
Urgent complaint regarding construction of bus stand. Needs quick attention at residential colony.,Urgent
Urgent complaint regarding construction of bus stand. Needs quick attention at residential colony.,Urgent
Urgent complaint regarding construction of bus stand. Needs quick attention at residential colony.,Urgent
Urgent complaint regarding construction of bus stand. Needs quick attention at residential colony.,Urgent
Urgent complaint regarding electricity outage. Needs quick attention at bus stand.,Urgent
Urgent complaint regarding electricity outage. Needs quick attention at highway.,Urgent
Urgent complaint regarding electricity outage. Needs quick attention at school zone.,Urgent
Urgent complaint regarding garbage pileup. Needs quick attention at bus stand.,Urgent
Urgent complaint regarding garbage pileup. Needs quick attention at city.,Urgent
Urgent complaint regarding garbage pileup. Needs quick attention at highway.,Urgent
Urgent complaint regarding garbage pileup. Needs quick attention at hospital area.,Urgent
Urgent complaint regarding garbage pileup. Needs quick attention at main road.,Urgent
Urgent complaint regarding garbage pileup. Needs quick attention at main road.,Urgent
Urgent complaint regarding garbage pileup. Needs quick attention at market area.,Urgent
Urgent complaint regarding garbage pileup. Needs quick attention at market area.,Urgent
Urgent complaint regarding garbage pileup. Needs quick attention at school zone.,Urgent
Urgent complaint regarding garbage pileup. Needs quick attention at school zone.,Urgent
Urgent complaint regarding garbage pileup. Needs quick attention at town.,Urgent
Urgent complaint regarding garbage pileup. Needs quick attention at town.,Urgent
Urgent complaint regarding garbage pileup. Needs quick attention at town.,Urgent
Urgent complaint regarding garbage pileup. Needs quick attention at village.,Urgent
Urgent complaint regarding hospital medicine shortage. Needs quick attention at bus stand.,Urgent
Urgent complaint regarding hospital medicine shortage. Needs quick attention at city.,Urgent
Urgent complaint regarding hospital medicine shortage. Needs quick attention at hospital area.,Urgent
Urgent complaint regarding hospital medicine shortage. Needs quick attention at residential colony.,Urgent
Urgent complaint regarding hospital medicine shortage. Needs quick attention at town.,Urgent
Urgent complaint regarding hospital medicine shortage. Needs quick attention at town.,Urgent
Urgent complaint regarding hospital medicine shortage. Needs quick attention at town.,Urgent
Urgent complaint regarding hospital medicine shortage. Needs quick attention at town.,Urgent
Urgent complaint regarding hospital medicine shortage. Needs quick attention at village.,Urgent
Urgent complaint regarding need new school. Needs quick attention at bus stand.,Urgent
Urgent complaint regarding need new school. Needs quick attention at hospital area.,Urgent
Urgent complaint regarding need new school. Needs quick attention at hospital area.,Urgent
Urgent complaint regarding need new school. Needs quick attention at hospital area.,Urgent
Urgent complaint regarding need new school. Needs quick attention at hospital area.,Urgent
Urgent complaint regarding need new school. Needs quick attention at main road.,Urgent
Urgent complaint regarding need new school. Needs quick attention at school zone.,Urgent
Urgent complaint regarding need new school. Needs quick attention at town.,Urgent
Urgent complaint regarding need new school. Needs quick attention at town.,Urgent
Urgent complaint regarding need overhead water tank. Needs quick attention at bus stand.,Urgent
Urgent complaint regarding need overhead water tank. Needs quick attention at city.,Urgent
Urgent complaint regarding need overhead water tank. Needs quick attention at city.,Urgent
Urgent complaint regarding need overhead water tank. Needs quick attention at city.,Urgent
Urgent complaint regarding need overhead water tank. Needs quick attention at main road.,Urgent
Urgent complaint regarding need overhead water tank. Needs quick attention at town.,Urgent
Urgent complaint regarding public toilet maintenance. Needs quick attention at bus stand.,Urgent
Urgent complaint regarding public toilet maintenance. Needs quick attention at bus stand.,Urgent
Urgent complaint regarding public toilet maintenance. Needs quick attention at school zone.,Urgent
Urgent complaint regarding public toilet maintenance. Needs quick attention at town.,Urgent
Urgent complaint regarding public toilet maintenance. Needs quick attention at town.,Urgent
Urgent complaint regarding public toilet maintenance. Needs quick attention at village.,Urgent
Urgent complaint regarding public toilet maintenance. Needs quick attention at village.,Urgent
Urgent complaint regarding school building damage. Needs quick attention at bus stand.,Urgent
Urgent complaint regarding school building damage. Needs quick attention at bus stand.,Urgent
Urgent complaint regarding school building damage. Needs quick attention at city.,Urgent
Urgent complaint regarding school building damage. Needs quick attention at city.,Urgent
Urgent complaint regarding school building damage. Needs quick attention at highway.,Urgent
Urgent complaint regarding school building damage. Needs quick attention at hospital area.,Urgent
Urgent complaint regarding school building damage. Needs quick attention at residential colony.,Urgent
Urgent complaint regarding school building damage. Needs quick attention at residential colony.,Urgent
Urgent complaint regarding school building damage. Needs quick attention at school zone.,Urgent
Urgent complaint regarding school building damage. Needs quick attention at village.,Urgent
Urgent complaint regarding school building damage. Needs quick attention at village.,Urgent
Urgent complaint regarding sewage overflow. Needs quick attention at bus stand.,Urgent
Urgent complaint regarding sewage overflow. Needs quick attention at city.,Urgent
Urgent complaint regarding sewage overflow. Needs quick attention at city.,Urgent
Urgent complaint regarding sewage overflow. Needs quick attention at market area.,Urgent
Urgent complaint regarding sewage overflow. Needs quick attention at village.,Urgent
Urgent complaint regarding sewage overflow. Needs quick attention at village.,Urgent
Urgent complaint regarding solar street lights installation. Needs quick attention at bus stand.,Urgent
Urgent complaint regarding solar street lights installation. Needs quick attention at highway.,Urgent
Urgent complaint regarding solar street lights installation. Needs quick attention at hospital area.,Urgent
Urgent complaint regarding solar street lights installation. Needs quick attention at hospital area.,Urgent
Urgent complaint regarding solar street lights installation. Needs quick attention at main road.,Urgent
Urgent complaint regarding solar street lights installation. Needs quick attention at main road.,Urgent
Urgent complaint regarding solar street lights installation. Needs quick attention at main road.,Urgent
Urgent complaint regarding solar street lights installation. Needs quick attention at market area.,Urgent
Urgent complaint regarding solar street lights installation. Needs quick attention at market area.,Urgent
Urgent complaint regarding solar street lights installation. Needs quick attention at village.,Urgent
Urgent complaint regarding sports ground request. Needs quick attention at bus stand.,Urgent
Urgent complaint regarding sports ground request. Needs quick attention at city.,Urgent
Urgent complaint regarding sports ground request. Needs quick attention at hospital area.,Urgent
Urgent complaint regarding sports ground request. Needs quick attention at school zone.,Urgent
Urgent complaint regarding sports ground request. Needs quick attention at school zone.,Urgent
Urgent complaint regarding sports ground request. Needs quick attention at school zone.,Urgent
Urgent complaint regarding sports ground request. Needs quick attention at town.,Urgent
Urgent complaint regarding sports ground request. Needs quick attention at town.,Urgent
Urgent complaint regarding streetlight failure. Needs quick attention at bus stand.,Urgent
Urgent complaint regarding streetlight failure. Needs quick attention at city.,Urgent
Urgent complaint regarding streetlight failure. Needs quick attention at city.,Urgent
Urgent complaint regarding streetlight failure. Needs quick attention at highway.,Urgent
Urgent complaint regarding streetlight failure. Needs quick attention at hospital area.,Urgent
Urgent complaint regarding streetlight failure. Needs quick attention at hospital area.,Urgent
 I want to arrange protest political  Demonstration  Agitation  Rally  Sit-in  March  Campaign   Boycott  Strike  Walkout  Hartal  Picketing  Hunger strike  Civil disobedience  Conference  Summit  Emergency meeting  Assembly  Convention  Press conference  Gathering  Forum  Session on 13th august 2022 at chennai Main road.,Urgent
Urgent complaint regarding streetlight failure. Needs quick attention at market area.,Urgent
Urgent complaint regarding streetlight failure. Needs quick attention at market area.,Urgent
Urgent complaint regarding streetlight failure. Needs quick attention at residential colony.,Urgent
Urgent complaint regarding streetlight failure. Needs quick attention at residential colony.,Urgent
Urgent complaint regarding streetlight failure. Needs quick attention at residential colony.,Urgent
Urgent complaint regarding streetlight failure. Needs quick attention at school zone.,Urgent
we want permission to arrange  conference on 29th aug at trichy high traffic main road from 10am to 5pm,Urgent
Urgent complaint regarding streetlight failure. Needs quick attention at village.,Urgent
Urgent complaint regarding streetlight failure. Needs quick attention at village.,Urgent
Urgent complaint regarding streetlight failure. Needs quick attention at village.,Urgent
Urgent complaint regarding water supply shortage. Needs quick attention at highway.,Urgent
Urgent complaint regarding water supply shortage. Needs quick attention at hospital area.,Urgent
Urgent complaint regarding water supply shortage. Needs quick attention at market area.,Urgent
water supply shortage has created unsafe conditions in bus stand. Needs urgent fix.,Urgent
water supply shortage has created unsafe conditions in market area. Needs urgent fix.,Urgent
water supply shortage has created unsafe conditions in village. Needs urgent fix.,Urgent
water supply shortage has created unsafe conditions in village. Needs urgent fix.,Urgent
